Player Id,Year,Rushing Yards pts sum,Rushing Yards pts mean,Receiving Yards pts sum,Receiving Yards pts mean,Rushing TDs pts sum,Rushing TDs pts mean,Receiving TDs pts sum,Receiving TDs pts mean,Receptions pts sum,Receptions pts mean,Rushing Bonus pts sum,Rushing Bonus pts mean,Receiving Bonus pts sum,Receiving Bonus pts mean,Total pts sum,Total pts mean,Total pts active sum,Total pts started sum,Games Played sum,Games Played mean,Games Started sum,Percentage Started Games,Avg pts per Games Played,Avg pts per Games Started,Percentage Played Games,Sum Fantasy Rank,Avg Fantasy Rank,Avg pts Played Rank,Avg pts Started Rank
toddgurley/2552475,2017,130.5,8.7,78.8,5.3,78.0,5.2,36.0,2.4,25.6,1.7,15.0,0.9,5.0,0.3,368.9,23.1,368.9,368.9,15.0,0.9,15.0,0.9,24.6,24.6,0.9,1.0,1.0,1.0,1.0
ameerabdullah/2552374,2016,10.1,5.1,5.7,5.7,0.0,0.0,6.0,6.0,2.0,2.0,0.0,0.0,0.0,0.0,23.8,11.9,23.8,23.8,2.0,1.0,2.0,1.0,11.9,11.9,0.1,76.0,16.0,20.0,35.5
ameerabdullah/2552374,2015,59.7,3.7,18.3,1.2,12.0,0.8,6.0,0.4,10.0,0.7,0.0,0.0,0.0,0.0,106.0,6.6,106.0,62.9,16.0,1.0,9.0,0.6,6.6,7.0,1.0,31.0,37.0,39.0,36.0
le'veonbell/2540175,2017,129.1,8.6,65.5,4.4,54.0,3.6,12.0,0.8,34.0,2.3,11.0,0.7,2.0,0.1,307.6,19.2,307.6,307.6,15.0,0.9,15.0,0.9,20.5,20.5,0.9,2.0,3.0,2.0,3.0
jayajayi/2552582,2016,127.2,8.5,15.1,1.3,48.0,3.2,0.0,0.0,10.8,0.9,32.0,2.0,0.0,0.0,233.1,14.6,233.1,212.8,15.0,0.9,12.0,0.8,15.5,17.7,0.9,8.0,8.0,7.0,8.0
jayajayi/2552582,2015,18.7,2.1,9.0,3.0,6.0,0.7,0.0,0.0,2.8,0.9,0.0,0.0,0.0,0.0,36.5,4.1,36.5,0.0,9.0,1.0,0.0,0.0,4.1,,0.6,48.0,44.0,48.0,
kareemhunt/2557917,2017,132.7,8.3,45.5,3.0,48.0,3.0,18.0,1.2,21.2,1.4,18.0,1.1,0.0,0.0,283.4,17.7,283.4,283.4,16.0,1.0,16.0,1.0,17.7,17.7,1.0,3.0,4.0,4.0,5.0
javoriusallen/2552631,2016,3.4,1.1,1.5,0.8,0.0,0.0,0.0,0.0,1.2,0.6,0.0,0.0,0.0,0.0,6.1,0.4,6.1,0.0,8.0,0.5,0.0,0.0,0.8,,0.5,90.0,95.0,89.0,
javoriusallen/2552631,2015,51.4,3.2,35.3,2.5,6.0,0.4,12.0,0.9,18.0,1.3,0.0,0.0,2.0,0.1,124.7,7.8,124.7,84.0,16.0,1.0,6.0,0.4,7.8,14.0,1.0,24.0,28.0,32.0,11.0
alvinkamara/2558019,2017,72.8,4.6,82.6,5.2,48.0,3.0,30.0,1.9,32.4,2.0,2.0,0.1,2.0,0.1,269.8,16.9,269.8,71.7,16.0,1.0,3.0,0.2,16.9,23.9,1.0,4.0,5.0,6.0,2.0
c.j.anderson/2540269,2016,43.7,6.2,12.8,2.1,24.0,3.4,6.0,1.0,6.4,1.1,2.0,0.3,0.0,0.0,94.9,13.6,94.9,94.9,7.0,1.0,7.0,1.0,13.6,13.6,0.4,39.0,11.0,13.0,24.0
c.j.anderson/2540269,2015,72.0,4.8,18.3,1.2,30.0,2.0,0.0,0.0,10.0,0.7,4.0,0.3,0.0,0.0,134.3,8.4,134.3,33.2,15.0,0.9,6.0,0.4,9.0,5.5,0.9,19.0,23.0,25.0,42.0
c.j.anderson/2540269,2014,84.9,6.1,32.4,3.6,48.0,3.4,12.0,1.3,13.6,1.5,10.0,0.6,0.0,0.0,200.9,12.6,200.9,163.8,15.0,0.9,7.0,0.4,13.4,23.4,0.9,5.0,5.0,5.0,1.0
c.j.anderson/2540269,2013,3.8,1.9,0.0,0.0,0.0,0.0,0.0,0.0,0.0,0.0,0.0,0.0,0.0,0.0,3.8,0.2,3.8,0.0,5.0,0.3,0.0,0.0,0.8,,0.3,34.0,35.0,30.0,
melvingordon/2552469,2017,110.5,6.9,47.6,3.0,48.0,3.0,24.0,1.5,23.2,1.5,4.0,0.3,0.0,0.0,257.3,16.1,257.3,257.3,16.0,1.0,16.0,1.0,16.1,16.1,1.0,5.0,6.0,7.0,8.0
markingram/2495466,2017,112.4,7.0,41.6,2.8,72.0,4.5,0.0,0.0,23.2,1.5,8.0,0.5,0.0,0.0,257.2,16.1,257.2,192.1,16.0,1.0,12.0,0.8,16.1,16.0,1.0,6.0,7.0,8.0,9.0
cameronartis-payne/2552375,2016,14.4,4.8,1.1,1.1,12.0,4.0,0.0,0.0,0.4,0.4,0.0,0.0,0.0,0.0,27.9,1.7,27.9,27.9,3.0,0.2,3.0,0.2,9.3,9.3,0.2,73.0,77.0,29.0,45.0
cameronartis-payne/2552375,2015,18.3,3.1,5.8,1.9,6.0,1.0,0.0,0.0,2.0,0.7,0.0,0.0,0.0,0.0,32.1,2.0,32.1,0.0,7.0,0.4,0.0,0.0,4.6,,0.4,51.0,54.0,44.0,
georgeatkinson/2550540,2016,3.4,3.4,,,6.0,6.0,,,,,0.0,0.0,0.0,0.0,9.4,0.6,9.4,0.0,16.0,1.0,0.0,0.0,0.6,,1.0,86.0,90.0,97.0,
georgeatkinson/2550540,2014,,,,,,,,,,,0.0,0.0,0.0,0.0,0.0,0.0,0.0,0.0,5.0,1.0,0.0,0.0,0.0,,0.3,58.5,58.5,57.5,
leseanmccoy/79607,2017,113.8,7.1,44.8,3.0,36.0,2.3,12.0,0.8,23.6,1.6,14.0,0.9,0.0,0.0,244.2,15.3,244.2,244.2,16.0,1.0,16.0,1.0,15.3,15.3,1.0,7.0,9.0,10.0,14.0
tavonaustin/2539336,2016,15.9,1.1,50.9,3.4,6.0,0.4,18.0,1.2,23.2,1.5,0.0,0.0,0.0,0.0,114.0,7.1,114.0,114.0,15.0,0.9,15.0,0.9,7.6,7.6,0.9,34.0,39.0,43.0,49.0
tavonaustin/2539336,2015,43.4,2.9,47.3,3.0,24.0,1.6,30.0,1.9,20.8,1.3,0.0,0.0,0.0,0.0,165.5,10.3,165.5,161.5,16.0,1.0,15.0,0.9,10.3,10.8,1.0,11.0,14.0,18.0,25.0
tavonaustin/2539336,2014,22.4,1.6,24.2,1.6,12.0,0.9,0.0,0.0,12.4,0.8,0.0,0.0,0.0,0.0,71.0,4.4,71.0,39.0,15.0,0.9,8.0,0.5,4.7,4.9,0.9,27.0,29.0,31.0,27.0
tavonaustin/2539336,2013,15.1,1.9,41.8,3.2,6.0,0.8,24.0,1.8,16.0,1.2,0.0,0.0,2.0,0.1,104.9,6.6,104.9,30.7,13.0,0.8,3.0,0.2,8.1,10.2,0.8,15.0,16.0,11.0,12.0
leonardfournette/2557973,2017,104.0,8.0,30.2,2.3,54.0,4.2,6.0,0.5,14.4,1.1,13.0,0.8,0.0,0.0,221.6,13.9,221.6,221.6,13.0,0.8,13.0,0.8,17.0,17.0,0.8,8.0,11.0,5.0,7.0
peytonbarber/2556466,2016,22.3,2.5,2.8,1.4,6.0,0.7,0.0,0.0,2.0,1.0,0.0,0.0,0.0,0.0,33.1,2.1,33.1,7.1,15.0,0.9,1.0,0.1,2.2,7.1,0.9,69.0,74.0,78.0,52.0
ezekielelliott/2555224,2017,98.3,9.8,26.9,3.0,42.0,4.2,12.0,1.3,10.4,1.2,13.0,1.3,0.0,0.0,202.6,20.3,202.6,202.6,10.0,1.0,10.0,1.0,20.3,20.3,0.6,9.0,2.0,3.0,4.0
kenjonbarner/2539289,2016,12.9,1.4,4.2,0.8,12.0,1.3,0.0,0.0,2.0,0.4,0.0,0.0,0.0,0.0,31.1,2.2,31.1,0.0,13.0,0.9,0.0,0.0,2.4,,0.8,71.0,72.0,74.0,
kenjonbarner/2539289,2015,12.4,3.1,2.2,0.4,0.0,0.0,0.0,0.0,3.6,0.7,0.0,0.0,0.0,0.0,18.2,1.1,18.2,0.0,10.0,0.6,0.0,0.0,1.8,,0.6,64.0,67.0,63.0,
kenjonbarner/2539289,2013,0.7,0.4,0.7,0.4,0.0,0.0,0.0,0.0,0.8,0.4,0.0,0.0,0.0,0.0,2.2,0.1,2.2,0.0,8.0,0.5,0.0,0.0,0.3,,0.5,35.0,37.0,38.0,
carloshyde/2543743,2017,93.8,5.9,35.0,2.2,48.0,3.0,0.0,0.0,23.6,1.5,2.0,0.1,0.0,0.0,202.4,12.7,202.4,202.4,16.0,1.0,16.0,1.0,12.7,12.7,1.0,10.0,12.0,13.0,20.0
le'veonbell/2540175,2016,126.8,10.6,61.6,5.1,42.0,3.5,12.0,1.0,30.0,2.5,20.0,1.5,0.0,0.0,292.4,22.5,292.4,292.4,12.0,0.9,12.0,0.9,24.4,24.4,0.8,3.0,2.0,1.0,2.0
le'veonbell/2540175,2015,55.6,9.3,13.6,2.7,18.0,3.0,0.0,0.0,9.6,1.9,6.0,1.0,0.0,0.0,102.8,17.1,102.8,102.8,6.0,1.0,6.0,1.0,17.1,17.1,0.4,32.0,2.0,2.0,7.0
le'veonbell/2540175,2014,136.1,8.5,85.4,5.3,48.0,3.0,18.0,1.1,33.2,2.1,19.0,1.2,5.0,0.3,344.7,21.5,344.7,344.7,16.0,1.0,16.0,1.0,21.5,21.5,1.0,1.0,1.0,1.0,2.0
le'veonbell/2540175,2013,86.0,6.6,39.9,3.1,48.0,3.7,0.0,0.0,18.0,1.4,2.0,0.1,0.0,0.0,193.9,12.1,193.9,193.9,13.0,0.8,13.0,0.8,14.9,14.9,0.8,4.0,5.0,3.0,6.0
jordanhoward/2555418,2017,112.2,7.0,12.5,1.1,54.0,3.4,0.0,0.0,9.2,0.8,13.0,0.8,0.0,0.0,200.9,12.6,200.9,200.9,16.0,1.0,16.0,1.0,12.6,12.6,1.0,11.0,13.0,14.0,21.0
nickbellore/2495262,2016,,,,,,,,,,,0.0,0.0,0.0,0.0,0.0,0.0,0.0,0.0,14.0,1.0,10.0,0.7,0.0,0.0,0.9,118.5,118.5,116.5,77.0
nickbellore/2495262,2015,,,,,,,,,,,0.0,0.0,0.0,0.0,0.0,0.0,0.0,0.0,16.0,1.0,0.0,0.0,0.0,,1.0,88.0,88.0,88.0,
nickbellore/2495262,2014,,,,,,,,,,,0.0,0.0,0.0,0.0,0.0,0.0,0.0,0.0,16.0,1.0,0.0,0.0,0.0,,1.0,58.5,58.5,57.5,
nickbellore/2495262,2013,,,,,,,,,,,0.0,0.0,0.0,0.0,0.0,0.0,0.0,0.0,16.0,1.0,0.0,0.0,0.0,,1.0,41.0,41.0,41.0,
nickbellore/2495262,2012,,,2.3,2.3,,,0.0,0.0,0.4,0.4,0.0,0.0,0.0,0.0,2.7,0.2,2.7,0.0,16.0,1.0,0.0,0.0,0.2,,1.0,22.0,22.0,22.0,
nickbellore/2495262,2011,,,,,,,,,,,0.0,0.0,0.0,0.0,0.0,0.0,0.0,0.0,16.0,1.0,0.0,0.0,0.0,,1.0,16.0,16.0,16.0,
devontafreeman/2543583,2017,86.5,6.2,31.7,2.6,42.0,3.0,6.0,0.5,14.4,1.2,4.0,0.3,0.0,0.0,184.6,11.5,184.6,184.6,14.0,0.9,14.0,0.9,13.2,13.2,0.9,12.0,14.0,12.0,17.0
giovanibernard/2540156,2016,33.7,3.4,33.6,3.4,12.0,1.2,6.0,0.6,15.6,1.6,0.0,0.0,2.0,0.2,102.9,10.3,102.9,23.0,10.0,1.0,2.0,0.2,10.3,11.5,0.6,36.0,23.0,26.0,37.0
giovanibernard/2540156,2015,73.0,4.6,47.2,3.1,12.0,0.8,0.0,0.0,19.6,1.3,2.0,0.1,2.0,0.1,155.8,9.7,155.8,6.7,16.0,1.0,1.0,0.1,9.7,6.7,1.0,14.0,19.0,22.0,38.0
giovanibernard/2540156,2014,68.0,5.2,34.9,2.7,30.0,2.3,12.0,0.9,17.2,1.3,2.0,0.1,0.0,0.0,164.1,10.3,164.1,115.6,13.0,0.8,9.0,0.6,12.6,12.8,0.8,10.0,10.0,7.0,8.0
giovanibernard/2540156,2013,69.5,4.3,51.4,3.2,30.0,1.9,18.0,1.1,22.4,1.4,0.0,0.0,0.0,0.0,191.3,12.0,191.3,0.0,16.0,1.0,0.0,0.0,12.0,,1.0,5.0,6.0,6.0,
christianmccaffrey/2557997,2017,43.5,2.7,65.1,4.1,12.0,0.8,30.0,1.9,32.0,2.0,0.0,0.0,2.0,0.1,184.6,11.5,184.6,125.1,16.0,1.0,10.0,0.6,11.5,12.5,1.0,13.0,15.0,15.0,22.0
kapribibbs/2550542,2016,12.9,1.8,7.5,1.9,0.0,0.0,6.0,1.5,0.8,0.2,0.0,0.0,0.0,0.0,27.2,2.3,27.2,0.0,12.0,1.0,0.0,0.0,2.3,,0.8,74.0,71.0,77.0,
kapribibbs/2550542,2015,,,,,,,,,,,0.0,0.0,0.0,0.0,0.0,0.0,0.0,0.0,1.0,1.0,0.0,0.0,0.0,,0.1,88.0,88.0,88.0,
kapribibbs/2550542,2014,,,,,,,,,,,0.0,0.0,0.0,0.0,0.0,0.0,0.0,0.0,0.0,0.0,0.0,0.0,,,0.0,58.5,58.5,,
dionlewis/2495469,2017,89.6,5.6,21.4,1.8,36.0,2.3,18.0,1.5,12.8,1.1,4.0,0.3,0.0,0.0,181.8,11.4,181.8,127.3,16.0,1.0,8.0,0.5,11.4,15.9,1.0,14.0,17.0,17.0,10.0
legarretteblount/497149,2016,116.1,7.3,3.8,0.8,108.0,6.8,0.0,0.0,2.8,0.6,8.0,0.5,0.0,0.0,238.7,14.9,238.7,130.4,16.0,1.0,8.0,0.5,14.9,16.3,1.0,7.0,7.0,9.0,13.5
legarretteblount/497149,2015,70.3,5.9,4.3,0.9,36.0,3.0,6.0,1.2,2.4,0.5,2.0,0.2,0.0,0.0,121.0,10.1,121.0,42.2,12.0,1.0,6.0,0.5,10.1,7.0,0.8,26.0,16.0,20.0,35.0
legarretteblount/497149,2014,54.7,3.6,5.4,0.8,30.0,2.0,0.0,0.0,4.0,0.6,2.0,0.1,0.0,0.0,96.1,5.7,96.1,8.5,16.0,0.9,1.0,0.1,6.0,8.5,1.0,20.0,24.0,25.0,23.0
legarretteblount/497149,2013,77.2,4.8,3.8,1.0,42.0,2.6,0.0,0.0,0.8,0.2,5.0,0.3,0.0,0.0,128.8,8.1,128.8,79.6,16.0,1.0,7.0,0.4,8.1,11.4,1.0,9.0,11.0,12.0,9.0
legarretteblount/497149,2012,15.1,1.5,0.2,0.1,12.0,1.2,0.0,0.0,0.4,0.2,0.0,0.0,0.0,0.0,27.7,1.7,27.7,0.0,13.0,0.8,0.0,0.0,2.1,,0.8,17.0,17.0,17.0,
legarretteblount/497149,2011,78.1,5.6,14.8,1.5,30.0,2.1,0.0,0.0,6.0,0.6,6.0,0.4,0.0,0.0,134.9,8.4,134.9,134.9,14.0,0.9,14.0,0.9,9.6,9.6,0.9,6.0,6.0,6.0,7.0
legarretteblount/497149,2010,100.7,7.7,1.4,0.3,36.0,2.8,0.0,0.0,2.0,0.4,11.0,0.7,0.0,0.0,151.1,9.4,151.1,87.5,13.0,0.8,7.0,0.4,11.6,12.5,0.8,3.0,3.0,3.0,3.0
dukejohnson/2552461,2017,34.8,2.3,69.3,4.3,24.0,1.6,18.0,1.1,29.6,1.9,0.0,0.0,0.0,0.0,175.7,11.0,175.7,0.0,16.0,1.0,0.0,0.0,11.0,,1.0,15.0,19.0,20.0,
alfredblue/2543600,2016,42.0,3.0,4.0,0.6,6.0,0.4,0.0,0.0,4.8,0.7,0.0,0.0,0.0,0.0,56.8,3.6,56.8,21.8,14.0,0.9,2.0,0.1,4.1,10.9,0.9,56.0,60.0,61.0,40.5
alfredblue/2543600,2015,69.8,5.0,10.9,1.2,12.0,0.9,6.0,0.7,6.0,0.7,6.0,0.4,0.0,0.0,110.7,6.9,110.7,79.0,16.0,1.0,9.0,0.6,6.9,8.8,1.0,29.0,33.0,37.0,32.0
alfredblue/2543600,2014,52.8,3.3,11.3,1.6,12.0,0.8,6.0,0.9,6.0,0.9,5.0,0.3,0.0,0.0,93.1,5.8,93.1,37.6,16.0,1.0,3.0,0.2,5.8,12.5,1.0,21.0,22.0,26.0,9.0
lamarmiller/2533034,2017,88.8,5.6,32.7,2.2,18.0,1.1,18.0,1.2,14.4,1.0,0.0,0.0,0.0,0.0,171.9,10.7,171.9,146.2,16.0,1.0,13.0,0.8,10.7,11.2,1.0,16.0,21.0,22.0,28.0
tommybohanon/2540225,2015,0.2,0.2,5.6,1.4,0.0,0.0,0.0,0.0,1.6,0.4,0.0,0.0,0.0,0.0,7.4,0.5,7.4,4.4,16.0,1.0,4.0,0.3,0.5,1.1,1.0,72.0,75.0,76.0,53.0
tommybohanon/2540225,2014,0.3,0.3,3.0,3.0,0.0,0.0,0.0,0.0,0.8,0.8,0.0,0.0,0.0,0.0,4.1,1.0,4.1,0.0,4.0,1.0,2.0,0.5,1.0,0.0,0.3,52.0,45.5,48.0,40.5
tommybohanon/2540225,2013,6.2,1.2,6.9,0.8,0.0,0.0,0.0,0.0,4.4,0.5,0.0,0.0,0.0,0.0,17.5,1.1,17.5,5.8,16.0,1.0,8.0,0.5,1.1,0.7,1.0,25.0,25.0,27.0,24.0
c.j.anderson/2540269,2017,100.7,6.3,22.4,1.6,18.0,1.1,6.0,0.4,11.2,0.8,7.0,0.4,0.0,0.0,165.3,10.3,165.3,165.3,16.0,1.0,16.0,1.0,10.3,10.3,1.0,17.0,23.0,24.0,32.0
brandonbolden/2532797,2016,0.4,0.4,1.5,0.8,0.0,0.0,0.0,0.0,0.8,0.4,0.0,0.0,0.0,0.0,2.7,0.2,2.7,0.0,14.0,0.9,0.0,0.0,0.2,,0.9,101.0,106.0,105.0,
brandonbolden/2532797,2015,20.7,1.9,18.0,1.8,0.0,0.0,12.0,1.2,7.6,0.8,0.0,0.0,0.0,0.0,58.3,3.6,58.3,14.2,15.0,0.9,2.0,0.1,3.9,7.1,0.9,43.0,47.0,49.0,34.0
brandonbolden/2532797,2014,8.9,1.1,0.8,0.3,6.0,0.8,0.0,0.0,0.8,0.3,0.0,0.0,0.0,0.0,16.5,1.0,16.5,9.2,16.0,1.0,2.0,0.1,1.0,4.6,1.0,41.0,44.0,47.0,28.0
brandonbolden/2532797,2013,27.1,2.7,15.2,1.7,18.0,1.8,0.0,0.0,8.4,0.9,0.0,0.0,0.0,0.0,68.7,4.3,68.7,22.7,12.0,0.8,2.0,0.1,5.7,11.4,0.8,16.0,17.0,17.0,10.0
brandonbolden/2532797,2012,27.4,3.4,1.1,0.6,12.0,1.5,0.0,0.0,0.8,0.4,2.0,0.2,0.0,0.0,43.3,3.6,43.3,0.0,10.0,0.8,0.0,0.0,4.3,,0.6,14.0,14.0,14.0,
alexcollins/2555430,2017,97.3,6.5,18.7,1.9,36.0,2.4,0.0,0.0,9.2,0.9,4.0,0.3,0.0,0.0,165.2,11.0,165.2,147.3,15.0,1.0,12.0,0.8,11.0,12.3,0.9,18.0,18.0,19.0,23.0
devontaebooker/2555223,2016,61.2,3.8,26.5,1.8,24.0,1.5,6.0,0.4,12.4,0.8,0.0,0.0,0.0,0.0,130.1,8.1,130.1,51.9,16.0,1.0,6.0,0.4,8.1,8.7,1.0,24.0,28.0,36.0,46.0
frankgore/2506404,2017,96.1,6.0,24.5,1.8,18.0,1.1,6.0,0.4,11.6,0.8,4.0,0.3,0.0,0.0,160.2,10.0,160.2,160.2,16.0,1.0,16.0,1.0,10.0,10.0,1.0,19.0,24.0,26.0,35.0
marshawnlynch/2495663,2017,89.1,5.9,15.1,1.1,42.0,2.8,0.0,0.0,8.0,0.6,4.0,0.3,0.0,0.0,158.2,10.5,158.2,158.2,15.0,1.0,15.0,1.0,10.5,10.5,0.9,20.0,22.0,23.0,31.0
mackbrown/2553867,2016,8.2,8.2,-0.2,-0.2,6.0,6.0,0.0,0.0,0.4,0.4,0.0,0.0,0.0,0.0,14.4,1.6,14.4,0.0,9.0,1.0,0.0,0.0,1.6,,0.6,81.0,78.0,80.0,
lataviusmurray/2541161,2017,84.2,5.3,10.3,0.9,48.0,3.0,0.0,0.0,6.0,0.5,4.0,0.3,0.0,0.0,152.5,9.5,152.5,121.3,16.0,1.0,11.0,0.7,9.5,11.0,1.0,21.0,25.0,28.0,29.0
malcolmbrown/2552382,2016,3.9,0.5,4.6,1.5,0.0,0.0,0.0,0.0,1.2,0.4,0.0,0.0,0.0,0.0,9.7,0.6,9.7,0.0,16.0,1.0,0.0,0.0,0.6,,1.0,85.0,89.0,95.0,
malcolmbrown/2552382,2015,1.7,1.7,-0.2,-0.2,0.0,0.0,0.0,0.0,0.4,0.4,0.0,0.0,0.0,0.0,1.9,1.9,1.9,0.0,1.0,1.0,0.0,0.0,1.9,,0.1,82.0,58.0,61.0,
tevincoleman/2552453,2017,62.8,4.2,29.9,2.3,30.0,2.0,18.0,1.4,10.8,0.8,0.0,0.0,0.0,0.0,151.5,9.5,151.5,38.4,15.0,0.9,3.0,0.2,10.1,12.8,0.9,22.5,26.5,25.0,19.0
rexburkhead/2539265,2016,34.4,4.3,14.5,1.8,12.0,1.5,0.0,0.0,6.8,0.9,2.0,0.1,0.0,0.0,69.7,4.4,69.7,29.2,16.0,1.0,1.0,0.1,4.4,29.2,1.0,52.5,56.5,60.0,1.0
rexburkhead/2539265,2015,0.4,0.1,9.4,0.9,0.0,0.0,6.0,0.5,4.0,0.4,0.0,0.0,0.0,0.0,19.8,1.2,19.8,0.0,16.0,1.0,0.0,0.0,1.2,,1.0,62.0,65.0,67.0,
rexburkhead/2539265,2014,2.7,0.9,4.9,1.6,6.0,2.0,0.0,0.0,2.8,0.9,0.0,0.0,0.0,0.0,16.4,1.0,16.4,0.0,9.0,0.6,0.0,0.0,1.8,,0.6,42.0,45.5,43.0,
rexburkhead/2539265,2013,,,,,,,,,,,0.0,0.0,0.0,0.0,0.0,0.0,0.0,0.0,1.0,0.1,0.0,0.0,0.0,,0.1,41.0,41.0,41.0,
jerickmckinnon/2543715,2017,57.0,3.6,42.1,2.6,18.0,1.1,12.0,0.8,20.4,1.3,0.0,0.0,2.0,0.1,151.5,9.5,151.5,4.4,16.0,1.0,1.0,0.1,9.5,4.4,1.0,22.5,26.5,29.0,61.0
michaelburton/2552636,2016,,,0.0,0.0,,,0.0,0.0,0.0,0.0,0.0,0.0,0.0,0.0,0.0,0.0,0.0,0.0,15.0,0.9,0.0,0.0,0.0,,0.9,118.5,118.5,116.5,
michaelburton/2552636,2015,0.2,0.1,3.9,0.8,0.0,0.0,6.0,1.2,2.4,0.5,0.0,0.0,0.0,0.0,12.5,0.8,12.5,3.5,16.0,1.0,7.0,0.4,0.8,0.5,1.0,67.0,73.0,74.0,56.0
bilalpowell/2495328,2017,77.2,5.1,17.0,1.4,30.0,2.0,0.0,0.0,9.2,0.8,7.0,0.4,0.0,0.0,140.4,8.8,140.4,102.1,15.0,0.9,10.0,0.6,9.4,10.2,0.9,24.0,29.0,30.0,34.0
travariscadet/2535890,2016,1.9,0.5,28.1,2.2,0.0,0.0,24.0,1.8,16.0,1.2,0.0,0.0,0.0,0.0,70.0,4.4,70.0,4.6,15.0,0.9,1.0,0.1,4.7,4.6,0.9,50.0,54.0,59.0,58.0
travariscadet/2535890,2015,2.8,0.6,21.4,3.6,0.0,0.0,6.0,1.0,6.8,1.1,0.0,0.0,0.0,0.0,37.0,3.7,37.0,14.7,7.0,0.7,1.0,0.1,5.3,14.7,0.4,47.0,46.0,43.0,10.0
travariscadet/2535890,2014,3.2,0.5,29.6,2.5,0.0,0.0,6.0,0.5,15.2,1.3,0.0,0.0,0.0,0.0,54.0,3.4,54.0,0.9,15.0,0.9,1.0,0.1,3.6,0.9,0.9,31.0,35.0,35.0,34.0
travariscadet/2535890,2013,,,0.5,0.3,,,6.0,3.0,0.8,0.4,0.0,0.0,0.0,0.0,7.3,0.5,7.3,0.0,13.0,0.8,0.0,0.0,0.6,,0.8,33.0,33.0,34.0,
travariscadet/2535890,2012,0.5,0.5,4.4,1.5,0.0,0.0,0.0,0.0,2.0,0.7,0.0,0.0,0.0,0.0,6.9,0.4,6.9,0.0,13.0,0.8,0.0,0.0,0.5,,0.8,19.0,19.0,19.0,
christhompson/2540011,2017,29.4,2.9,51.0,5.1,12.0,1.2,24.0,2.4,15.6,1.6,0.0,0.0,7.0,0.7,139.0,13.9,139.0,17.4,10.0,1.0,1.0,0.1,13.9,17.4,0.6,25.0,10.0,11.0,6.0
tracarson/2556493,2016,,,,,,,,,,,0.0,0.0,0.0,0.0,0.0,0.0,0.0,0.0,0.0,0.0,0.0,0.0,,,0.0,118.5,118.5,,
javoriusallen/2552631,2017,59.1,3.7,25.0,1.6,24.0,1.5,12.0,0.8,18.4,1.1,0.0,0.0,0.0,0.0,138.5,8.7,138.5,0.0,16.0,1.0,0.0,0.0,8.7,,1.0,26.0,30.0,34.0,
derrickhenry/2556075,2017,74.4,4.7,13.6,1.5,30.0,1.9,6.0,0.7,4.4,0.5,4.0,0.3,0.0,0.0,132.4,8.3,132.4,26.1,16.0,1.0,2.0,0.1,8.3,13.1,1.0,27.0,33.0,36.0,18.0
jamaalwilliams/2558204,2017,55.6,4.0,26.2,2.6,24.0,1.7,12.0,1.2,10.0,1.0,2.0,0.1,0.0,0.0,129.8,8.1,129.8,107.2,16.0,1.0,7.0,0.4,8.1,15.3,1.0,28.0,34.0,38.0,13.0
joemixon/2557976,2017,62.6,4.5,28.7,2.2,24.0,1.7,0.0,0.0,12.0,0.9,2.0,0.1,0.0,0.0,129.3,8.1,129.3,72.3,14.0,0.9,7.0,0.4,9.2,10.3,0.9,29.0,35.0,31.0,33.0
derrickcoleman/2534871,2015,3.2,0.8,0.0,0.0,0.0,0.0,0.0,0.0,0.4,0.4,0.0,0.0,0.0,0.0,3.6,0.2,3.6,1.2,14.0,0.9,3.0,0.2,0.3,0.4,0.9,76.0,79.0,81.0,58.0
derrickcoleman/2534871,2014,,,2.9,1.5,,,6.0,3.0,0.8,0.4,0.0,0.0,0.0,0.0,9.7,1.6,9.7,1.8,5.0,0.8,1.0,0.2,1.9,1.8,0.3,48.0,40.0,41.0,32.0
derrickcoleman/2534871,2013,0.3,0.3,6.2,1.0,0.0,0.0,6.0,1.0,3.2,0.5,0.0,0.0,0.0,0.0,15.7,1.0,15.7,0.8,12.0,0.8,3.0,0.2,1.3,0.3,0.8,26.0,26.0,26.0,26.0
kenyandrake/2555230,2017,64.4,4.6,23.9,2.0,18.0,1.3,6.0,0.5,12.8,1.1,4.0,0.3,0.0,0.0,129.1,8.1,129.1,94.1,16.0,1.0,6.0,0.4,8.1,15.7,1.0,30.0,36.0,39.0,12.0
tevincoleman/2552453,2016,52.0,4.0,42.1,3.2,48.0,3.7,18.0,1.4,12.4,1.0,0.0,0.0,2.0,0.1,174.5,10.9,174.5,0.0,13.0,0.8,0.0,0.0,13.4,,0.8,17.0,19.0,14.0,
tevincoleman/2552453,2015,39.2,3.3,1.4,0.2,6.0,0.5,0.0,0.0,0.8,0.1,2.0,0.1,0.0,0.0,49.4,3.1,49.4,30.2,12.0,0.8,3.0,0.2,4.1,10.1,0.8,46.0,50.0,47.0,28.0
jayajayi/2552582,2017,87.3,6.2,15.8,1.2,6.0,0.4,6.0,0.5,9.6,0.7,4.0,0.3,0.0,0.0,128.7,8.6,128.7,76.9,14.0,0.9,8.0,0.5,9.2,9.6,0.9,31.5,31.0,32.0,36.0
alexcollins/2555430,2016,12.5,1.4,8.4,1.7,6.0,0.7,0.0,0.0,4.4,0.9,0.0,0.0,0.0,0.0,31.3,2.0,31.3,0.0,11.0,0.7,0.0,0.0,2.8,,0.7,70.0,76.0,70.0,
isaiahcrowell/2550189,2017,85.3,5.3,18.2,1.3,12.0,0.8,0.0,0.0,11.2,0.8,2.0,0.1,0.0,0.0,128.7,8.0,128.7,128.7,16.0,1.0,16.0,1.0,8.0,8.0,1.0,31.5,37.0,40.0,47.0
giovanibernard/2540156,2017,45.8,2.9,38.9,2.4,12.0,0.8,12.0,0.8,17.2,1.1,2.0,0.1,0.0,0.0,127.9,8.0,127.9,26.9,16.0,1.0,2.0,0.1,8.0,13.5,1.0,33.0,38.0,41.0,16.0
theoriddick/2540020,2017,28.6,1.9,44.4,2.8,18.0,1.2,12.0,0.8,21.2,1.3,0.0,0.0,0.0,0.0,124.2,7.8,124.2,53.3,16.0,1.0,5.0,0.3,7.8,10.7,1.0,34.0,39.0,44.0,30.0
isaiahcrowell/2550189,2016,95.2,6.0,31.9,2.0,42.0,2.6,0.0,0.0,16.0,1.0,11.0,0.7,0.0,0.0,196.1,12.3,196.1,196.1,16.0,1.0,16.0,1.0,12.3,12.3,1.0,12.0,14.0,19.0,32.0
isaiahcrowell/2550189,2015,70.6,4.4,18.2,1.8,24.0,1.5,6.0,0.6,7.6,0.8,2.0,0.1,0.0,0.0,128.4,8.0,128.4,45.6,16.0,1.0,9.0,0.6,8.0,5.1,1.0,21.0,25.0,30.0,43.0
isaiahcrowell/2550189,2014,60.7,4.0,8.7,1.2,48.0,3.2,0.0,0.0,3.6,0.5,0.0,0.0,0.0,0.0,121.0,7.6,121.0,41.0,16.0,1.0,4.0,0.3,7.6,10.3,1.0,16.0,17.0,18.0,18.0
jonathanstewart/949,2017,68.0,4.5,5.2,0.5,36.0,2.4,6.0,0.6,3.2,0.3,4.0,0.3,0.0,0.0,122.4,7.6,122.4,91.9,15.0,0.9,10.0,0.6,8.2,9.2,0.9,35.0,40.0,37.0,40.0
bennycunningham/2541544,2016,10.1,1.1,9.1,1.0,0.0,0.0,0.0,0.0,6.4,0.7,0.0,0.0,0.0,0.0,25.6,2.0,25.6,0.0,11.0,0.8,0.0,0.0,2.3,,0.7,75.0,75.0,76.0,
bennycunningham/2541544,2015,14.0,1.3,25.0,1.8,0.0,0.0,0.0,0.0,10.4,0.7,0.0,0.0,0.0,0.0,49.4,3.1,49.4,13.8,16.0,1.0,1.0,0.1,3.1,13.8,1.0,45.0,49.0,55.0,13.0
bennycunningham/2541544,2014,24.6,1.5,35.2,2.3,18.0,1.1,6.0,0.4,18.0,1.2,0.0,0.0,0.0,0.0,101.8,6.4,101.8,16.8,16.0,1.0,2.0,0.1,6.4,8.4,1.0,19.0,21.0,23.0,24.0
bennycunningham/2541544,2013,26.1,2.2,5.9,0.8,6.0,0.5,0.0,0.0,2.4,0.3,2.0,0.1,0.0,0.0,42.4,2.7,42.4,0.0,14.0,0.9,0.0,0.0,3.0,,0.9,21.0,22.0,22.0,
rexburkhead/2539265,2017,26.4,2.6,25.4,2.5,30.0,3.0,18.0,1.8,12.0,1.2,0.0,0.0,0.0,0.0,111.8,7.0,111.8,27.6,10.0,0.6,3.0,0.2,11.2,9.2,0.6,36.0,42.0,18.0,39.0
tarikcohen/2558250,2017,37.0,2.5,35.3,2.2,12.0,0.8,6.0,0.4,21.2,1.3,0.0,0.0,0.0,0.0,111.5,7.0,111.5,32.8,16.0,1.0,4.0,0.3,7.0,8.2,1.0,37.0,43.0,48.0,46.0
kniledavis/2540178,2016,2.8,0.5,2.5,0.6,0.0,0.0,0.0,0.0,2.0,0.5,0.0,0.0,0.0,0.0,7.3,0.5,7.3,0.0,11.0,0.7,0.0,0.0,0.7,,0.7,88.0,91.0,92.0,
kniledavis/2540178,2015,7.2,0.8,2.4,0.8,6.0,0.7,0.0,0.0,0.8,0.3,0.0,0.0,0.0,0.0,16.4,1.0,16.4,0.0,14.0,0.9,0.0,0.0,1.2,,0.9,65.0,70.0,70.0,
kniledavis/2540178,2014,46.3,3.1,14.7,1.1,36.0,2.4,6.0,0.5,6.4,0.5,4.0,0.3,0.0,0.0,113.4,7.1,113.4,21.2,16.0,1.0,1.0,0.1,7.1,21.2,1.0,17.0,18.0,20.0,3.0
kniledavis/2540178,2013,24.2,1.9,7.5,0.8,24.0,1.8,0.0,0.0,4.4,0.5,0.0,0.0,0.0,0.0,60.1,3.8,60.1,21.4,16.0,1.0,1.0,0.1,3.8,21.4,1.0,18.0,18.0,20.0,1.0
ameerabdullah/2552374,2017,55.2,3.9,16.2,1.2,24.0,1.7,6.0,0.5,10.0,0.8,0.0,0.0,0.0,0.0,111.4,7.0,111.4,95.8,14.0,0.9,11.0,0.7,8.0,8.7,0.9,38.0,44.0,42.0,43.0
mikedavis/2553439,2016,5.0,1.0,2.5,0.8,6.0,1.2,0.0,0.0,1.2,0.4,0.0,0.0,0.0,0.0,14.7,0.9,14.7,8.1,8.0,0.5,1.0,0.1,1.8,8.1,0.5,80.0,84.0,79.0,48.0
mikedavis/2553439,2015,5.8,1.2,3.8,1.0,0.0,0.0,0.0,0.0,2.8,0.7,0.0,0.0,0.0,0.0,12.4,1.4,12.4,0.0,6.0,0.7,0.0,0.0,2.1,,0.4,68.0,63.0,59.0,
legarretteblount/497149,2017,76.6,5.1,5.0,0.7,12.0,0.8,6.0,0.9,3.2,0.5,2.0,0.1,0.0,0.0,104.8,6.6,104.8,77.9,16.0,1.0,11.0,0.7,6.6,7.1,1.0,39.0,45.0,50.0,53.0
samajeperine/2558138,2017,60.3,4.6,18.2,1.8,6.0,0.5,6.0,0.6,8.8,0.9,4.0,0.3,0.0,0.0,103.3,6.5,103.3,74.3,16.0,1.0,8.0,0.5,6.5,9.3,1.0,40.0,46.0,53.0,38.0
jamesdevelin/2508101,2016,,,1.8,0.4,,,0.0,0.0,1.2,0.2,0.0,0.0,0.0,0.0,3.0,0.2,3.0,2.1,16.0,1.0,4.0,0.3,0.2,0.5,1.0,99.0,104.0,106.0,69.0
jamesdevelin/2508101,2014,0.5,0.3,4.3,0.7,0.0,0.0,0.0,0.0,2.4,0.4,0.0,0.0,0.0,0.0,7.2,0.4,7.2,2.0,16.0,1.0,4.0,0.3,0.4,0.5,1.0,50.0,52.0,52.0,37.0
jamesdevelin/2508101,2013,1.0,0.3,6.2,1.6,6.0,2.0,0.0,0.0,1.6,0.4,0.0,0.0,0.0,0.0,14.8,0.9,14.8,3.3,16.0,1.0,6.0,0.4,0.9,0.6,1.0,27.0,27.0,28.0,25.0
jamesdevelin/2508101,2012,,,,,,,,,,,0.0,0.0,0.0,0.0,0.0,0.0,0.0,0.0,1.0,0.3,0.0,0.0,0.0,,0.1,24.0,24.0,24.0,
jameswhite/2543773,2017,17.1,1.4,42.9,3.1,0.0,0.0,18.0,1.3,22.4,1.6,0.0,0.0,0.0,0.0,100.4,6.3,100.4,26.2,14.0,0.9,4.0,0.3,7.2,6.6,0.9,41.0,47.0,47.0,57.0
patrickdimarco/2530763,2016,,,5.2,0.6,,,6.0,0.7,2.8,0.3,0.0,0.0,0.0,0.0,14.0,0.9,14.0,10.4,16.0,1.0,8.0,0.5,0.9,1.3,1.0,82.0,85.0,88.0,66.0
patrickdimarco/2530763,2015,0.0,0.0,11.0,1.2,0.0,0.0,12.0,1.3,5.2,0.6,0.0,0.0,0.0,0.0,28.2,1.8,28.2,6.0,16.0,1.0,8.0,0.5,1.8,0.8,1.0,56.0,60.0,64.0,55.0
patrickdimarco/2530763,2014,,,6.2,0.7,,,6.0,0.7,3.6,0.4,0.0,0.0,0.0,0.0,15.8,1.0,15.8,7.3,16.0,1.0,7.0,0.4,1.0,1.0,1.0,43.5,48.5,49.5,33.0
patrickdimarco/2530763,2013,,,4.9,0.6,,,0.0,0.0,3.2,0.4,0.0,0.0,0.0,0.0,8.1,0.6,8.1,5.4,14.0,1.0,7.0,0.5,0.6,0.8,0.9,31.0,30.0,33.0,23.0
patrickdimarco/2530763,2012,,,0.0,0.0,,,0.0,0.0,0.0,0.0,0.0,0.0,0.0,0.0,0.0,0.0,0.0,0.0,5.0,1.0,4.0,0.8,0.0,0.0,0.3,24.0,24.0,24.0,14.5
kennethdixon/2555229,2016,38.2,3.2,16.2,1.3,12.0,1.0,6.0,0.5,12.0,1.0,0.0,0.0,0.0,0.0,84.4,5.3,84.4,0.0,12.0,0.8,0.0,0.0,7.0,,0.8,43.0,47.0,48.0,
austinekeler/2559169,2017,26.0,2.4,27.9,2.1,12.0,1.1,18.0,1.4,10.8,0.8,0.0,0.0,0.0,0.0,94.7,5.9,94.7,0.0,16.0,1.0,0.0,0.0,5.9,,1.0,42.0,49.0,56.0,
kenyandrake/2555230,2016,17.9,1.5,4.6,0.8,12.0,1.0,0.0,0.0,3.6,0.6,0.0,0.0,0.0,0.0,38.1,2.4,38.1,5.6,16.0,1.0,1.0,0.1,2.4,5.6,1.0,66.0,70.0,75.0,56.0
mattbreida/2558918,2017,46.5,2.9,18.0,1.4,12.0,0.8,6.0,0.5,8.4,0.6,0.0,0.0,0.0,0.0,90.9,5.7,90.9,0.0,16.0,1.0,0.0,0.0,5.7,,1.0,43.0,50.0,61.0,
marlonmack/2558123,2017,35.8,2.6,22.5,1.7,18.0,1.3,6.0,0.5,8.4,0.6,0.0,0.0,0.0,0.0,90.7,5.7,90.7,0.0,14.0,0.9,0.0,0.0,6.5,,0.9,44.0,51.0,52.0,
waynegallman/2557952,2017,47.6,3.7,19.3,1.5,0.0,0.0,6.0,0.5,13.6,1.0,0.0,0.0,0.0,0.0,86.5,5.4,86.5,8.6,13.0,0.8,1.0,0.1,6.7,8.6,0.8,45.0,55.0,49.0,44.0
ezekielelliott/2555224,2016,163.1,10.9,36.3,2.4,90.0,6.0,6.0,0.4,12.8,0.9,20.0,1.3,0.0,0.0,328.2,20.5,328.2,328.2,15.0,0.9,15.0,0.9,21.9,21.9,0.9,2.0,3.0,3.0,5.0
coreyclement/2559150,2017,32.1,2.3,12.3,1.2,24.0,1.7,12.0,1.2,4.0,0.4,0.0,0.0,0.0,0.0,84.4,5.3,84.4,0.0,16.0,1.0,0.0,0.0,5.3,,1.0,46.0,57.0,67.0,
tylerervin/2555234,2016,0.3,0.3,1.8,0.6,0.0,0.0,0.0,0.0,1.2,0.4,0.0,0.0,0.0,0.0,3.3,0.2,3.3,0.0,12.0,0.8,0.0,0.0,0.3,,0.8,97.0,101.0,101.0,
rodsmith/2553743,2017,23.2,2.6,20.2,2.5,24.0,2.7,6.0,0.8,7.6,1.0,0.0,0.0,2.0,0.1,83.0,5.2,83.0,1.1,15.0,0.9,1.0,0.1,5.5,1.1,0.9,47.0,58.0,64.0,72.0
joshferguson/2556411,2016,2.0,0.3,13.6,2.3,0.0,0.0,0.0,0.0,8.0,1.3,0.0,0.0,0.0,0.0,23.6,1.5,23.6,0.0,16.0,1.0,0.0,0.0,1.5,,1.0,77.0,79.0,81.0,
peytonbarber/2556466,2017,42.3,4.2,11.4,1.6,18.0,1.8,0.0,0.0,6.4,0.9,2.0,0.1,0.0,0.0,80.1,5.0,80.1,47.9,16.0,1.0,4.0,0.3,5.0,12.0,1.0,48.0,59.0,68.0,25.0
davidfluellen/2550289,2016,,,,,,,,,,,0.0,0.0,0.0,0.0,0.0,0.0,0.0,0.0,0.0,0.0,0.0,0.0,,,0.0,118.5,118.5,,
aaronjones/2558116,2017,44.8,4.5,2.2,0.4,24.0,2.4,0.0,0.0,3.6,0.6,4.0,0.3,0.0,0.0,78.6,4.9,78.6,48.3,12.0,0.8,4.0,0.3,6.6,12.1,0.8,49.0,60.0,51.0,24.0
tymontgomery/2552429,2017,27.3,3.4,17.3,2.5,18.0,2.3,6.0,0.9,9.2,1.3,0.0,0.0,0.0,0.0,77.8,7.1,77.8,56.8,8.0,0.7,5.0,0.5,9.7,11.4,0.5,50.0,41.0,27.0,27.0
d.j.foster/2556528,2016,2.4,1.2,0.2,0.2,0.0,0.0,0.0,0.0,0.4,0.4,0.0,0.0,0.0,0.0,3.0,0.2,3.0,0.0,3.0,0.2,0.0,0.0,1.0,,0.2,98.0,103.0,86.0,
j.d.mckissic/2556440,2017,18.7,1.6,26.6,2.2,6.0,0.5,12.0,1.0,13.6,1.1,0.0,0.0,0.0,0.0,76.9,4.8,76.9,6.2,13.0,0.8,1.0,0.1,5.9,6.2,0.8,51.0,61.0,57.0,58.0
chrisivory/2507999,2017,38.2,2.7,17.5,2.2,6.0,0.4,6.0,0.8,8.4,1.1,0.0,0.0,0.0,0.0,76.1,4.8,76.1,26.5,14.0,0.9,3.0,0.2,5.4,8.8,0.9,52.0,62.0,65.0,42.0
jalstonfowler/2552464,2016,0.3,0.3,1.4,0.7,0.0,0.0,0.0,0.0,0.4,0.2,0.0,0.0,0.0,0.0,2.1,0.1,2.1,2.1,16.0,1.0,6.0,0.4,0.1,0.4,1.0,103.0,107.0,108.0,70.0
jalstonfowler/2552464,2015,1.3,0.3,4.4,0.7,6.0,1.5,6.0,1.0,2.0,0.3,0.0,0.0,0.0,0.0,19.7,1.2,19.7,0.0,16.0,1.0,0.0,0.0,1.2,,1.0,63.0,66.0,68.0,
jalenrichard/2556885,2017,27.5,2.1,25.6,1.7,6.0,0.5,6.0,0.4,10.8,0.7,0.0,0.0,0.0,0.0,75.9,4.7,75.9,7.6,16.0,1.0,1.0,0.1,4.7,7.6,1.0,53.0,63.0,71.0,49.0
devontafreeman/2543583,2016,107.9,6.7,46.2,3.1,66.0,4.1,12.0,0.8,21.6,1.4,7.0,0.4,0.0,0.0,260.7,16.3,260.7,260.7,16.0,1.0,16.0,1.0,16.3,16.3,1.0,5.0,5.0,6.0,15.0
devontafreeman/2543583,2015,105.6,7.0,57.8,4.1,66.0,4.4,18.0,1.3,29.2,2.1,11.0,0.7,0.0,0.0,287.6,18.0,287.6,268.2,15.0,0.9,13.0,0.8,19.2,20.6,0.9,1.0,1.0,1.0,3.0
devontafreeman/2543583,2014,24.8,1.7,22.5,1.5,6.0,0.4,6.0,0.4,12.0,0.8,0.0,0.0,0.0,0.0,71.3,4.5,71.3,0.0,16.0,1.0,0.0,0.0,4.5,,1.0,26.0,28.0,32.0,
devontaebooker/2555223,2017,29.9,2.3,27.5,2.3,6.0,0.5,0.0,0.0,12.0,1.0,0.0,0.0,0.0,0.0,75.4,4.7,75.4,0.0,13.0,0.8,0.0,0.0,5.8,,0.8,54.0,64.0,59.0,
t.j.yeldon/2552471,2017,25.3,2.8,22.4,2.5,12.0,1.3,0.0,0.0,12.0,1.3,2.0,0.1,0.0,0.0,73.7,4.6,73.7,0.0,10.0,0.6,0.0,0.0,7.4,,0.6,55.0,65.0,45.0,
mikegillislee/2539663,2016,57.6,4.4,5.0,0.7,48.0,3.7,6.0,0.9,3.6,0.5,0.0,0.0,0.0,0.0,120.2,7.5,120.2,16.6,15.0,0.9,1.0,0.1,8.0,16.6,0.9,31.0,35.0,39.0,11.0
mikegillislee/2539663,2015,26.7,5.3,2.9,0.6,18.0,3.6,0.0,0.0,2.4,0.5,0.0,0.0,0.0,0.0,50.0,10.0,50.0,17.7,5.0,1.0,1.0,0.2,10.0,17.7,0.3,44.0,18.0,21.0,5.0
mikegillislee/2539663,2013,2.1,2.1,,,0.0,0.0,,,,,0.0,0.0,0.0,0.0,2.1,0.1,2.1,0.0,3.0,0.2,0.0,0.0,0.7,,0.2,36.0,38.0,31.0,
dougmartin/2532899,2017,40.6,3.7,8.4,1.2,18.0,1.6,0.0,0.0,3.6,0.5,0.0,0.0,0.0,0.0,70.6,5.4,70.6,55.6,11.0,0.8,8.0,0.6,6.4,7.0,0.7,56.0,54.0,54.0,54.0
melvingordon/2552469,2016,99.7,7.7,41.9,3.5,60.0,4.6,12.0,1.0,16.4,1.4,9.0,0.6,0.0,0.0,239.0,14.9,239.0,211.9,13.0,0.8,11.0,0.7,18.4,19.3,0.8,6.0,6.0,5.0,6.0
melvingordon/2552469,2015,64.1,4.6,19.2,1.6,0.0,0.0,0.0,0.0,13.2,1.1,0.0,0.0,0.0,0.0,96.5,6.9,96.5,83.6,14.0,1.0,12.0,0.9,6.9,7.0,0.9,35.0,34.0,38.0,37.0
mikegillislee/2539663,2017,38.3,4.3,1.5,1.5,30.0,3.3,0.0,0.0,0.4,0.4,0.0,0.0,0.0,0.0,70.2,4.4,70.2,8.3,9.0,0.6,2.0,0.1,7.8,4.2,0.6,57.0,67.0,43.0,62.0
frankgore/2506404,2016,102.5,6.4,27.7,1.7,24.0,1.5,24.0,1.5,15.2,1.0,4.0,0.3,0.0,0.0,197.4,12.3,197.4,197.4,16.0,1.0,16.0,1.0,12.3,12.3,1.0,11.0,13.0,18.0,30.0
frankgore/2506404,2015,96.7,6.0,26.7,1.8,36.0,2.3,6.0,0.4,13.6,0.9,0.0,0.0,0.0,0.0,179.0,11.2,179.0,179.0,16.0,1.0,16.0,1.0,11.2,11.2,1.0,8.0,11.0,15.0,24.0
frankgore/2506404,2014,110.6,6.9,11.1,1.1,24.0,1.5,6.0,0.6,4.4,0.4,11.0,0.7,0.0,0.0,167.1,10.4,167.1,167.1,16.0,1.0,16.0,1.0,10.4,10.4,1.0,9.0,9.0,11.0,17.0
frankgore/2506404,2013,112.8,7.1,14.1,1.2,54.0,3.4,0.0,0.0,6.4,0.5,9.0,0.6,0.0,0.0,196.3,12.3,196.3,196.3,16.0,1.0,16.0,1.0,12.3,12.3,1.0,3.0,4.0,5.0,7.0
frankgore/2506404,2012,121.4,7.6,23.4,1.7,48.0,3.0,6.0,0.4,11.2,0.8,6.0,0.4,0.0,0.0,216.0,13.5,216.0,216.0,16.0,1.0,16.0,1.0,13.5,13.5,1.0,5.0,5.0,6.0,5.0
frankgore/2506404,2011,121.1,7.6,11.4,0.9,48.0,3.0,0.0,0.0,6.8,0.5,10.0,0.6,0.0,0.0,197.3,12.3,197.3,174.6,16.0,1.0,15.0,0.9,12.3,11.6,1.0,4.0,4.0,4.0,4.0
frankgore/2506404,2010,85.3,7.8,45.2,4.1,18.0,1.6,12.0,1.1,18.4,1.7,8.0,0.7,2.0,0.2,188.9,17.2,188.9,188.9,11.0,1.0,11.0,1.0,17.2,17.2,0.7,2.0,1.0,2.0,2.0
frankgore/2506404,2009,112.0,8.0,40.6,2.9,60.0,4.3,18.0,1.3,20.8,1.5,21.0,1.3,0.0,0.0,272.4,17.0,272.4,272.4,14.0,0.9,14.0,0.9,19.5,19.5,0.9,1.0,1.0,1.0,2.0
frankgore/2506404,2008,103.6,7.4,37.3,2.7,36.0,2.6,12.0,0.9,17.2,1.2,6.0,0.4,0.0,0.0,212.1,13.3,212.1,212.1,14.0,0.9,14.0,0.9,15.2,15.2,0.9,2.0,2.0,1.0,1.0
frankgore/2506404,2007,110.2,7.3,43.6,2.9,30.0,2.0,6.0,0.4,21.2,1.4,4.0,0.3,0.0,0.0,215.0,13.4,215.0,215.0,15.0,0.9,15.0,0.9,14.3,14.3,0.9,1.0,1.0,2.0,2.0
frankgore/2506404,2006,169.5,10.6,48.5,3.0,48.0,3.0,6.0,0.4,24.4,1.5,32.0,2.0,0.0,0.0,328.4,20.5,328.4,328.4,16.0,1.0,16.0,1.0,20.5,20.5,1.0,1.0,1.0,1.0,1.0
frankgore/2506404,2005,60.8,4.3,13.1,1.2,18.0,1.3,0.0,0.0,6.0,0.5,2.0,0.1,0.0,0.0,99.9,6.2,99.9,14.8,14.0,0.9,1.0,0.1,7.1,14.8,0.9,1.0,1.0,1.0,1.0
alfredmorris/2533457,2017,54.7,4.2,4.5,0.8,6.0,0.5,0.0,0.0,2.8,0.5,2.0,0.1,0.0,0.0,70.0,4.4,70.0,47.9,14.0,0.9,5.0,0.3,5.0,9.6,0.9,58.0,68.0,69.0,37.0
coreygrant/2553650,2016,16.4,4.1,3.5,0.9,6.0,1.5,6.0,1.5,1.6,0.4,2.0,0.1,0.0,0.0,35.5,2.2,35.5,22.5,11.0,0.7,1.0,0.1,3.2,22.5,0.7,68.0,73.0,65.0,4.0
coreygrant/2553650,2015,0.2,0.0,1.3,0.7,0.0,0.0,0.0,0.0,0.8,0.4,0.0,0.0,0.0,0.0,2.3,0.4,2.3,0.0,6.0,1.0,0.0,0.0,0.4,,0.4,80.0,76.0,77.0,
elijahmcguire/2557934,2017,31.5,2.3,17.7,2.0,6.0,0.4,6.0,0.7,6.8,0.8,0.0,0.0,0.0,0.0,68.0,4.3,68.0,1.9,16.0,1.0,2.0,0.1,4.3,1.0,1.0,59.0,69.0,75.0,74.0
deandrewashington/2555464,2017,15.3,1.0,19.7,1.4,12.0,0.8,6.0,0.4,13.6,1.0,0.0,0.0,0.0,0.0,66.6,4.2,66.6,0.0,15.0,0.9,0.0,0.0,4.4,,0.9,60.0,70.0,72.0,
toddgurley/2552475,2016,88.5,5.5,32.7,2.0,36.0,2.3,0.0,0.0,17.2,1.1,0.0,0.0,0.0,0.0,174.4,10.9,174.4,174.4,16.0,1.0,16.0,1.0,10.9,10.9,1.0,18.0,20.0,24.0,40.5
toddgurley/2552475,2015,110.6,8.5,18.8,1.9,60.0,4.6,0.0,0.0,8.4,0.8,13.0,0.8,0.0,0.0,210.8,13.2,210.8,209.0,13.0,0.8,12.0,0.8,16.2,17.4,0.8,4.0,6.0,3.0,6.0
dalvincook/2557991,2017,35.4,8.9,9.0,2.3,12.0,3.0,0.0,0.0,4.4,1.1,2.0,0.5,0.0,0.0,62.8,15.7,62.8,62.8,4.0,1.0,4.0,1.0,15.7,15.7,0.3,61.0,8.0,9.0,11.0
c.j.ham/2556803,2016,,,,,,,,,,,0.0,0.0,0.0,0.0,0.0,0.0,0.0,0.0,0.0,0.0,0.0,0.0,,,0.0,118.5,118.5,,
kerwynnwilliams/2539980,2017,42.6,3.0,9.3,1.0,6.0,0.4,0.0,0.0,4.0,0.4,0.0,0.0,0.0,0.0,61.9,3.9,61.9,43.0,16.0,1.0,6.0,0.4,3.9,7.2,1.0,62.0,71.0,76.0,52.0
russellhansbrough/2556547,2016,,,,,,,,,,,0.0,0.0,0.0,0.0,0.0,0.0,0.0,0.0,2.0,1.0,0.0,0.0,0.0,,0.1,118.5,118.5,116.5,
shanevereen/2495473,2017,16.4,1.3,25.3,1.8,0.0,0.0,0.0,0.0,17.6,1.3,0.0,0.0,0.0,0.0,59.3,3.7,59.3,0.0,16.0,1.0,0.0,0.0,3.7,,1.0,63.0,72.0,79.0,
charcandrickwest/2550268,2017,7.2,0.9,15.0,1.3,12.0,1.5,12.0,1.0,10.8,0.9,0.0,0.0,0.0,0.0,57.0,3.6,57.0,0.0,13.0,0.8,0.0,0.0,4.4,,0.8,64.0,73.0,73.0,
derrickhenry/2556075,2016,49.0,3.5,13.7,1.7,30.0,2.1,0.0,0.0,5.2,0.7,0.0,0.0,0.0,0.0,97.9,6.1,97.9,10.6,15.0,0.9,2.0,0.1,6.5,5.3,0.9,38.0,42.0,49.0,57.0
d'ontaforeman/2557994,2017,32.7,3.6,8.3,2.1,12.0,1.3,0.0,0.0,2.4,0.6,0.0,0.0,0.0,0.0,55.4,5.5,55.4,1.8,10.0,1.0,1.0,0.1,5.5,1.8,0.6,65.0,53.0,63.0,71.0
ryanhewitt/2550206,2016,,,1.3,0.7,,,0.0,0.0,0.8,0.4,0.0,0.0,0.0,0.0,2.1,0.1,2.1,2.1,16.0,1.0,11.0,0.7,0.1,0.2,1.0,104.0,108.0,109.0,72.0
ryanhewitt/2550206,2015,,,9.9,1.1,,,0.0,0.0,3.2,0.4,0.0,0.0,0.0,0.0,13.1,0.8,13.1,9.2,15.0,0.9,12.0,0.8,0.9,0.8,0.9,66.0,72.0,72.0,54.0
ryanhewitt/2550206,2014,0.0,0.0,8.6,1.4,0.0,0.0,0.0,0.0,4.0,0.7,0.0,0.0,0.0,0.0,12.6,0.8,12.6,6.2,16.0,1.0,11.0,0.7,0.8,0.6,1.0,45.0,50.0,51.0,35.0
charlessims/2543770,2017,9.5,0.8,24.9,1.6,0.0,0.0,6.0,0.4,14.0,0.9,0.0,0.0,0.0,0.0,54.4,3.4,54.4,0.0,16.0,1.0,0.0,0.0,3.4,,1.0,66.0,75.0,82.0,
kylejuszczyk/2540230,2017,3.1,0.4,31.5,2.6,0.0,0.0,6.0,0.5,13.2,1.1,0.0,0.0,0.0,0.0,53.8,3.4,53.8,33.1,14.0,0.9,10.0,0.6,3.8,3.3,0.9,67.0,76.0,78.0,64.0
bronsonhill/2554357,2016,1.1,1.1,0.0,0.0,0.0,0.0,0.0,0.0,0.0,0.0,0.0,0.0,0.0,0.0,1.1,0.3,1.1,0.0,3.0,0.8,0.0,0.0,0.4,,0.2,109.0,98.0,100.0,
damienwilliams/2550512,2017,18.1,2.0,15.5,1.6,0.0,0.0,6.0,0.6,8.0,0.8,0.0,0.0,0.0,0.0,47.6,3.0,47.6,36.2,11.0,0.7,4.0,0.3,4.3,9.1,0.7,68.0,77.0,74.0,41.0
jeremyhill/2543603,2016,83.9,5.6,17.4,1.6,54.0,3.6,0.0,0.0,8.4,0.8,7.0,0.4,0.0,0.0,170.7,10.7,170.7,165.0,15.0,0.9,13.0,0.8,11.4,12.7,0.9,19.0,21.0,21.0,28.0
jeremyhill/2543603,2015,79.4,5.0,7.9,0.7,66.0,4.1,6.0,0.5,6.0,0.5,0.0,0.0,0.0,0.0,165.3,10.3,165.3,150.2,16.0,1.0,15.0,0.9,10.3,10.0,1.0,12.0,15.0,19.0,29.0
jeremyhill/2543603,2014,112.4,7.0,21.5,1.7,54.0,3.4,0.0,0.0,10.8,0.8,16.0,1.0,0.0,0.0,214.7,13.4,214.7,146.1,16.0,1.0,8.0,0.5,13.4,18.3,1.0,3.0,3.0,4.0,4.0
bennycunningham/2541544,2017,2.9,0.6,24.0,2.4,0.0,0.0,12.0,1.2,8.0,0.8,0.0,0.0,0.0,0.0,46.9,2.9,46.9,0.0,14.0,0.9,0.0,0.0,3.4,,0.9,69.0,78.0,83.0,
mikedavis/2553439,2017,24.0,4.0,13.1,2.2,0.0,0.0,0.0,0.0,6.0,1.0,0.0,0.0,0.0,0.0,43.1,6.2,43.1,43.1,6.0,0.9,6.0,0.9,7.2,7.2,0.4,70.0,48.0,46.0,51.0
jordanhoward/2555418,2016,131.3,8.8,29.8,2.3,36.0,2.4,6.0,0.5,11.6,0.9,17.0,1.1,0.0,0.0,231.7,14.5,231.7,217.0,15.0,0.9,13.0,0.8,15.4,16.7,0.9,9.0,9.0,8.0,10.0
tavonaustin/2539336,2017,27.0,1.9,4.7,0.5,6.0,0.4,0.0,0.0,5.2,0.5,0.0,0.0,0.0,0.0,42.9,2.7,42.9,27.0,16.0,1.0,9.0,0.6,2.7,3.0,1.0,71.0,79.0,86.0,66.0
alfredblue/2543600,2017,26.2,3.3,5.4,1.4,6.0,0.8,0.0,0.0,2.8,0.7,2.0,0.1,0.0,0.0,42.4,2.7,42.4,0.0,11.0,0.7,0.0,0.0,3.9,,0.7,72.0,80.0,77.0,
carloshyde/2543743,2016,98.8,7.6,16.3,1.4,36.0,2.8,18.0,1.5,10.8,0.9,7.0,0.5,0.0,0.0,186.9,12.5,186.9,186.9,13.0,0.9,13.0,0.9,14.4,14.4,0.8,14.0,12.0,10.0,20.0
carloshyde/2543743,2015,47.0,6.7,5.3,0.9,18.0,2.6,0.0,0.0,4.4,0.7,5.0,0.4,0.0,0.0,79.7,6.6,79.7,79.7,7.0,0.6,7.0,0.6,11.4,11.4,0.4,38.0,36.0,14.0,23.0
carloshyde/2543743,2014,33.3,2.4,6.8,0.7,24.0,1.7,0.0,0.0,4.8,0.5,0.0,0.0,0.0,0.0,68.9,4.3,68.9,0.0,14.0,0.9,0.0,0.0,4.9,,0.9,28.0,30.0,30.0,
coreygrant/2553650,2017,24.8,3.5,4.1,1.0,12.0,1.7,0.0,0.0,1.2,0.3,0.0,0.0,0.0,0.0,42.1,2.6,42.1,0.0,16.0,1.0,0.0,0.0,2.6,,1.0,73.0,81.0,88.0,
markingram/2495466,2016,104.3,6.5,31.9,2.1,36.0,2.3,24.0,1.6,18.4,1.2,9.0,0.6,0.0,0.0,223.6,14.0,223.6,181.9,16.0,1.0,14.0,0.9,14.0,13.0,1.0,10.0,10.0,11.0,27.0
markingram/2495466,2015,76.9,6.4,40.5,3.4,36.0,3.0,0.0,0.0,20.0,1.7,2.0,0.2,0.0,0.0,175.4,14.6,175.4,149.3,12.0,1.0,10.0,0.8,14.6,14.9,0.8,9.0,4.0,5.0,8.0
markingram/2495466,2014,96.4,7.4,14.5,1.2,54.0,4.2,0.0,0.0,11.6,1.0,11.0,0.7,0.0,0.0,187.5,11.7,187.5,132.8,13.0,0.8,9.0,0.6,14.4,14.8,0.8,7.0,7.0,3.0,6.0
markingram/2495466,2013,38.6,3.5,6.8,1.0,6.0,0.5,0.0,0.0,2.8,0.4,2.0,0.1,0.0,0.0,56.2,3.5,56.2,9.5,11.0,0.7,3.0,0.2,5.1,3.2,0.7,19.0,19.0,18.0,19.0
markingram/2495466,2012,60.2,3.8,2.9,0.3,30.0,1.9,0.0,0.0,2.4,0.3,0.0,0.0,0.0,0.0,95.5,6.0,95.5,50.1,16.0,1.0,5.0,0.3,6.0,10.0,1.0,9.0,9.0,12.0,8.0
markingram/2495466,2011,47.4,4.7,4.6,0.6,30.0,3.0,0.0,0.0,4.4,0.6,0.0,0.0,0.0,0.0,86.4,5.4,86.4,40.8,10.0,0.6,4.0,0.3,8.6,10.2,0.6,7.0,7.0,7.0,6.0
jacquizzrodgers/2495471,2017,24.4,2.0,7.4,1.1,6.0,0.5,0.0,0.0,3.6,0.5,0.0,0.0,0.0,0.0,41.4,2.6,41.4,27.7,16.0,1.0,4.0,0.3,2.6,6.9,1.0,74.0,82.0,89.0,55.0
chrisivory/2507999,2016,43.9,4.0,18.6,1.7,18.0,1.6,0.0,0.0,8.0,0.7,2.0,0.1,0.0,0.0,90.5,5.7,90.5,11.9,11.0,0.7,1.0,0.1,8.2,11.9,0.7,41.0,45.0,35.0,35.5
chrisivory/2507999,2015,107.0,7.1,21.7,1.6,42.0,2.8,6.0,0.4,12.0,0.9,9.0,0.6,0.0,0.0,197.7,12.4,197.7,189.6,15.0,0.9,14.0,0.9,13.2,13.5,0.9,5.0,8.0,9.0,14.0
chrisivory/2507999,2014,82.1,5.1,12.3,1.1,36.0,2.3,6.0,0.5,7.2,0.7,4.0,0.3,0.0,0.0,147.6,9.2,147.6,87.7,16.0,1.0,10.0,0.6,9.2,8.8,1.0,11.0,11.0,12.0,22.0
chrisivory/2507999,2013,83.3,5.6,1.0,0.2,18.0,1.2,0.0,0.0,0.8,0.2,6.0,0.4,0.0,0.0,109.1,6.8,109.1,47.2,15.0,0.9,6.0,0.4,7.3,7.9,0.9,14.0,15.0,15.0,14.0
chrisivory/2507999,2012,21.7,3.6,1.5,0.5,12.0,2.0,0.0,0.0,0.8,0.3,0.0,0.0,0.0,0.0,36.0,2.3,36.0,5.6,6.0,0.4,2.0,0.1,6.0,2.8,0.4,16.0,16.0,11.0,12.0
chrisivory/2507999,2011,37.4,6.2,0.0,0.0,6.0,1.0,0.0,0.0,0.0,0.0,2.0,0.2,0.0,0.0,45.4,5.0,45.4,10.2,6.0,0.7,2.0,0.2,7.6,5.1,0.4,10.0,8.0,8.0,8.0
chrisivory/2507999,2010,71.6,6.0,1.7,1.7,30.0,2.5,0.0,0.0,0.4,0.4,7.0,0.4,0.0,0.0,110.7,6.9,110.7,35.1,12.0,0.8,4.0,0.3,9.2,8.8,0.8,7.0,7.0,4.0,6.0
dariusjackson/2556273,2016,,,,,,,,,,,0.0,0.0,0.0,0.0,0.0,0.0,0.0,0.0,0.0,0.0,0.0,0.0,,,0.0,118.5,118.5,,
robkelley/2556414,2017,19.4,2.8,1.8,0.4,18.0,2.6,0.0,0.0,1.6,0.3,0.0,0.0,0.0,0.0,40.8,4.5,40.8,40.8,7.0,0.8,7.0,0.8,5.8,5.8,0.4,75.0,66.0,58.0,59.0
andyjanovich/2555432,2016,3.3,0.8,4.4,0.7,6.0,1.5,0.0,0.0,2.0,0.3,0.0,0.0,0.0,0.0,15.7,1.4,15.7,4.1,11.0,1.0,5.0,0.5,1.4,0.8,0.7,79.0,80.0,83.0,67.0
austinjohnson/2534437,2016,,,,,,,,,,,0.0,0.0,0.0,0.0,0.0,0.0,0.0,0.0,1.0,1.0,0.0,0.0,0.0,,0.1,118.5,118.5,116.5,
austinjohnson/2534437,2015,0.9,0.3,3.0,0.8,6.0,2.0,0.0,0.0,2.0,0.5,0.0,0.0,0.0,0.0,11.9,1.0,11.9,0.4,10.0,0.8,1.0,0.1,1.2,0.4,0.6,69.0,71.0,69.0,57.0
austinjohnson/2534437,2014,2.2,0.4,1.5,0.8,0.0,0.0,6.0,3.0,0.8,0.4,0.0,0.0,0.0,0.0,10.5,1.3,10.5,0.2,7.0,0.9,1.0,0.1,1.5,0.2,0.4,47.0,41.0,44.0,38.0
malcolmbrown/2552382,2017,24.6,2.7,5.3,0.9,6.0,0.7,0.0,0.0,3.6,0.6,0.0,0.0,0.0,0.0,39.5,2.5,39.5,7.7,11.0,0.7,1.0,0.1,3.6,7.7,0.7,76.0,84.0,80.0,48.0
davidjohnson/2553435,2016,123.9,7.7,87.9,5.5,96.0,6.0,24.0,1.5,32.0,2.0,11.0,0.7,2.0,0.1,376.8,23.6,376.8,376.8,16.0,1.0,16.0,1.0,23.6,23.6,1.0,1.0,1.0,2.0,3.0
davidjohnson/2553435,2015,58.1,4.2,45.7,3.0,48.0,3.4,24.0,1.6,14.4,1.0,5.0,0.3,0.0,0.0,195.2,12.2,195.2,107.6,16.0,1.0,5.0,0.3,12.2,21.5,1.0,6.0,9.0,11.0,2.0
malcolmjohnson/2553446,2016,0.2,0.2,4.4,0.9,0.0,0.0,0.0,0.0,2.0,0.4,0.0,0.0,0.0,0.0,6.6,0.9,6.6,1.7,7.0,1.0,1.0,0.1,0.9,1.7,0.4,89.0,83.0,87.0,65.0
malcolmjohnson/2553446,2015,,,1.5,0.4,,,0.0,0.0,1.6,0.4,0.0,0.0,0.0,0.0,3.1,0.3,3.1,0.4,12.0,1.0,5.0,0.4,0.3,0.1,0.8,78.0,78.0,80.0,60.0
wendellsmallwood/2555461,2017,17.4,2.2,10.3,1.5,6.0,0.8,0.0,0.0,5.2,0.7,0.0,0.0,0.0,0.0,38.9,2.4,38.9,20.7,8.0,0.5,3.0,0.2,4.9,6.9,0.5,77.0,85.0,70.0,56.0
dukejohnson/2552461,2016,35.8,2.2,51.4,3.4,6.0,0.4,0.0,0.0,21.2,1.4,0.0,0.0,0.0,0.0,114.4,7.2,114.4,15.0,16.0,1.0,1.0,0.1,7.2,15.0,1.0,33.0,38.0,46.0,17.0
dukejohnson/2552461,2015,37.9,2.4,53.4,3.8,0.0,0.0,12.0,0.9,24.4,1.7,0.0,0.0,0.0,0.0,127.7,8.0,127.7,65.1,16.0,1.0,7.0,0.4,8.0,9.3,1.0,22.0,26.0,31.0,31.0
chriscarson/2558865,2017,20.8,5.2,5.9,1.5,0.0,0.0,6.0,1.5,2.8,0.7,0.0,0.0,0.0,0.0,35.5,8.9,35.5,25.1,4.0,1.0,3.0,0.8,8.9,8.4,0.3,78.0,28.0,33.0,45.0
kapribibbs/2550542,2017,7.9,2.6,12.8,4.3,0.0,0.0,6.0,2.0,5.6,1.9,0.0,0.0,0.0,0.0,32.3,10.8,32.3,0.0,3.0,1.0,0.0,0.0,10.8,,0.2,79.0,20.0,21.0,
mattjones/2552635,2016,46.0,6.6,7.3,1.5,18.0,2.6,0.0,0.0,3.2,0.6,4.0,0.3,0.0,0.0,78.5,4.9,78.5,78.5,7.0,0.4,7.0,0.4,11.2,11.2,0.4,47.0,51.0,23.0,39.0
mattjones/2552635,2015,49.0,3.8,30.4,3.0,18.0,1.4,6.0,0.6,7.6,0.8,2.0,0.1,2.0,0.1,115.0,7.2,115.0,0.0,13.0,0.8,0.0,0.0,8.8,,0.8,28.0,32.0,26.0,
tiongreen/2559180,2017,16.5,3.3,1.4,1.4,12.0,2.4,0.0,0.0,0.8,0.8,0.0,0.0,0.0,0.0,30.7,1.9,30.7,0.0,5.0,0.3,0.0,0.0,6.1,,0.3,80.0,88.0,55.0,
taiwanjones/2495467,2016,-0.8,-0.8,4.3,1.4,0.0,0.0,0.0,0.0,1.6,0.5,0.0,0.0,0.0,0.0,5.1,0.3,5.1,0.0,13.0,0.8,0.0,0.0,0.4,,0.8,94.0,97.0,99.0,
taiwanjones/2495467,2015,7.4,0.9,10.6,1.8,0.0,0.0,6.0,1.0,2.8,0.5,0.0,0.0,0.0,0.0,26.8,1.7,26.8,0.0,12.0,0.8,0.0,0.0,2.2,,0.8,60.0,62.0,56.0,
taiwanjones/2495467,2014,,,,,,,,,,,0.0,0.0,0.0,0.0,0.0,0.0,0.0,0.0,1.0,1.0,0.0,0.0,0.0,,0.1,58.5,58.5,57.5,
taiwanjones/2495467,2013,2.3,0.8,5.5,2.8,0.0,0.0,0.0,0.0,0.8,0.4,0.0,0.0,0.0,0.0,8.6,0.5,8.6,0.0,16.0,1.0,0.0,0.0,0.5,,1.0,30.0,31.0,35.0,
taiwanjones/2495467,2012,2.1,0.7,1.1,0.6,0.0,0.0,0.0,0.0,0.8,0.4,0.0,0.0,0.0,0.0,4.0,0.3,4.0,0.0,14.0,0.9,0.0,0.0,0.3,,0.9,21.0,21.0,21.0,
taiwanjones/2495467,2011,7.3,1.2,2.5,1.3,0.0,0.0,0.0,0.0,0.8,0.4,0.0,0.0,0.0,0.0,10.6,0.7,10.6,0.0,10.0,0.6,0.0,0.0,1.1,,0.6,14.0,14.0,14.0,
elijhaapenny/2556762,2017,12.4,2.1,3.8,0.8,12.0,2.0,0.0,0.0,1.6,0.3,0.0,0.0,0.0,0.0,29.8,1.9,29.8,0.0,16.0,1.0,0.0,0.0,1.9,,1.0,81.0,89.0,95.0,
terrancewest/2543664,2017,13.8,2.8,2.3,0.8,12.0,2.4,0.0,0.0,0.8,0.3,0.0,0.0,0.0,0.0,28.9,1.8,28.9,29.6,5.0,0.3,4.0,0.3,5.8,7.4,0.3,82.0,91.0,60.0,50.0
kylejuszczyk/2540230,2016,2.2,0.6,26.6,1.8,6.0,1.5,0.0,0.0,14.8,1.0,0.0,0.0,0.0,0.0,49.6,3.1,49.6,27.6,16.0,1.0,7.0,0.4,3.1,3.9,1.0,60.0,64.0,67.0,60.0
kylejuszczyk/2540230,2015,0.3,0.3,32.1,2.0,0.0,0.0,24.0,1.5,16.4,1.0,0.0,0.0,0.0,0.0,72.8,4.6,72.8,46.1,16.0,1.0,11.0,0.7,4.6,4.2,1.0,40.0,41.0,45.0,46.0
kylejuszczyk/2540230,2014,,,18.2,1.4,,,6.0,0.5,7.6,0.6,0.0,0.0,0.0,0.0,31.8,2.0,31.8,30.7,16.0,1.0,14.0,0.9,2.0,2.2,1.0,37.0,39.0,40.0,31.0
kylejuszczyk/2540230,2013,,,0.0,0.0,,,0.0,0.0,0.0,0.0,0.0,0.0,0.0,0.0,0.0,0.0,0.0,0.0,16.0,1.0,0.0,0.0,0.0,,1.0,41.0,41.0,41.0,
thomasrawls/2553733,2017,15.7,1.7,9.4,1.6,0.0,0.0,0.0,0.0,3.6,0.6,0.0,0.0,0.0,0.0,28.7,1.8,28.7,10.7,12.0,0.8,3.0,0.2,2.4,3.6,0.8,83.0,92.0,90.0,63.0
travariscadet/2535890,2017,9.6,1.4,11.9,2.0,0.0,0.0,0.0,0.0,6.4,1.1,0.0,0.0,0.0,0.0,27.9,2.5,27.9,0.0,9.0,0.8,0.0,0.0,3.1,,0.6,84.0,83.0,85.0,
robkelley/2556414,2016,70.4,5.0,8.2,0.9,36.0,2.6,6.0,0.7,4.8,0.5,2.0,0.1,0.0,0.0,127.4,8.0,127.4,110.6,15.0,0.9,9.0,0.6,8.5,12.3,0.9,27.0,30.0,33.0,31.0
tommybohanon/2540225,2017,0.5,0.1,4.3,0.6,12.0,3.0,6.0,0.9,2.4,0.3,0.0,0.0,0.0,0.0,25.2,1.6,25.2,21.2,16.0,1.0,10.0,0.6,1.6,2.1,1.0,85.0,93.0,97.0,69.0
joekerridge/2556415,2016,0.0,0.0,,,0.0,0.0,,,,,0.0,0.0,0.0,0.0,0.0,0.0,0.0,0.0,8.0,1.0,0.0,0.0,0.0,,0.5,118.5,118.5,116.5,
jeremylangford/2552379,2016,20.0,1.8,14.2,1.3,24.0,2.2,0.0,0.0,7.6,0.7,0.0,0.0,0.0,0.0,65.8,4.1,65.8,28.3,12.0,0.8,3.0,0.2,5.5,9.4,0.8,54.0,58.0,55.0,44.0
jeremylangford/2552379,2015,53.7,3.6,27.9,2.5,36.0,2.4,6.0,0.5,8.8,0.8,0.0,0.0,2.0,0.1,134.4,8.4,134.4,46.4,16.0,1.0,2.0,0.1,8.4,23.2,1.0,18.0,22.0,27.0,1.0
d.j.foster/2556528,2017,1.9,0.5,13.3,1.9,0.0,0.0,0.0,0.0,6.8,1.0,0.0,0.0,0.0,0.0,22.0,1.5,22.0,0.0,7.0,0.5,0.0,0.0,3.1,,0.4,86.0,96.0,84.0,
daniellasco/2555219,2016,3.2,1.1,1.1,0.6,0.0,0.0,0.0,0.0,0.8,0.4,0.0,0.0,0.0,0.0,5.1,0.3,5.1,0.0,7.0,0.4,0.0,0.0,0.7,,0.4,93.0,96.0,90.0,
robertturbin/2533460,2017,5.3,0.9,5.6,1.1,6.0,1.0,0.0,0.0,3.6,0.7,0.0,0.0,0.0,0.0,20.5,3.4,20.5,2.4,6.0,1.0,1.0,0.2,3.4,2.4,0.4,87.0,74.0,81.0,67.0
dionlewis/2495469,2016,28.3,4.0,9.4,1.3,0.0,0.0,0.0,0.0,6.8,1.0,0.0,0.0,0.0,0.0,44.5,5.6,44.5,34.8,7.0,0.9,5.0,0.6,6.4,7.0,0.4,62.0,46.0,50.0,53.0
dionlewis/2495469,2015,23.4,3.3,38.8,5.5,12.0,1.7,12.0,1.7,14.4,2.1,0.0,0.0,0.0,0.0,100.6,12.6,100.6,81.0,7.0,0.9,6.0,0.8,14.4,13.5,0.4,33.5,7.0,6.0,15.0
dionlewis/2495469,2014,,,,,,,,,,,0.0,0.0,0.0,0.0,0.0,0.0,0.0,0.0,0.0,0.0,0.0,0.0,,,0.0,58.5,58.5,,
dionlewis/2495469,2012,6.9,1.2,2.4,1.2,6.0,1.0,0.0,0.0,0.8,0.4,0.0,0.0,0.0,0.0,16.1,1.0,16.1,0.0,9.0,0.6,0.0,0.0,1.8,,0.6,18.0,18.0,18.0,
dionlewis/2495469,2011,10.2,1.3,-0.3,-0.3,6.0,0.8,0.0,0.0,0.4,0.4,0.0,0.0,0.0,0.0,16.3,1.0,16.3,0.0,15.0,0.9,0.0,0.0,1.1,,0.9,11.0,11.0,13.0,
kenjonbarner/2539289,2017,5.7,1.0,5.6,0.9,6.0,1.0,0.0,0.0,2.0,0.3,0.0,0.0,0.0,0.0,19.3,1.5,19.3,0.0,13.0,1.0,1.0,0.1,1.5,0.0,0.8,88.0,95.0,99.0,88.5
zachline/2539303,2016,1.5,0.4,0.0,0.0,0.0,0.0,0.0,0.0,0.0,0.0,0.0,0.0,0.0,0.0,1.5,0.1,1.5,0.6,15.0,0.9,4.0,0.3,0.1,0.2,0.9,106.0,111.0,113.0,73.0
zachline/2539303,2015,1.0,0.2,9.5,1.4,12.0,2.4,6.0,0.9,2.4,0.3,0.0,0.0,0.0,0.0,30.9,1.9,30.9,7.2,16.0,1.0,5.0,0.3,1.9,1.4,1.0,53.0,56.0,60.0,51.0
zachline/2539303,2014,,,,,,,,,,,0.0,0.0,0.0,0.0,0.0,0.0,0.0,0.0,1.0,0.1,0.0,0.0,0.0,,0.1,58.5,58.5,57.5,
zachline/2539303,2013,,,0.8,0.3,,,0.0,0.0,0.4,0.1,0.0,0.0,0.0,0.0,1.2,0.4,1.2,0.0,3.0,1.0,1.0,0.3,0.4,0.0,0.2,37.0,34.0,37.0,27.0
anthonysherman/2495340,2017,4.0,4.0,4.7,0.9,6.0,6.0,0.0,0.0,2.4,0.5,0.0,0.0,0.0,0.0,17.1,1.1,17.1,13.3,16.0,1.0,3.0,0.2,1.1,4.4,1.0,89.0,97.0,107.0,60.0
marshawnlynch/2495663,2015,41.7,6.0,8.0,1.3,18.0,2.6,0.0,0.0,5.2,0.9,2.0,0.1,0.0,0.0,74.9,4.7,74.9,72.2,7.0,0.4,6.0,0.4,10.7,12.0,0.4,39.0,40.0,17.0,20.0
marshawnlynch/2495663,2014,130.6,8.2,36.7,2.4,78.0,4.9,24.0,1.6,14.8,1.0,10.0,0.6,0.0,0.0,294.1,18.4,294.1,249.1,16.0,1.0,14.0,0.9,18.4,17.8,1.0,2.0,2.0,2.0,5.0
marshawnlynch/2495663,2013,125.7,7.9,31.6,2.3,72.0,4.5,12.0,0.9,14.4,1.0,6.0,0.4,0.0,0.0,261.7,16.4,261.7,261.7,16.0,1.0,16.0,1.0,16.4,16.4,1.0,2.0,2.0,2.0,3.0
marshawnlynch/2495663,2012,159.0,9.9,19.6,1.3,66.0,4.1,6.0,0.4,9.2,0.6,20.0,1.3,0.0,0.0,279.8,17.5,279.8,256.0,16.0,1.0,15.0,0.9,17.5,17.1,1.0,2.0,2.0,2.0,3.0
marshawnlynch/2495663,2011,120.4,8.0,21.2,1.6,72.0,4.8,6.0,0.5,11.2,0.9,12.0,0.8,0.0,0.0,242.8,15.2,242.8,242.8,15.0,0.9,15.0,0.9,16.2,16.2,0.9,2.0,2.0,2.0,2.0
marshawnlynch/2495663,2010,73.7,4.6,14.5,1.3,36.0,2.3,0.0,0.0,8.8,0.8,0.0,0.0,0.0,0.0,133.0,8.3,133.0,124.5,16.0,1.0,14.0,0.9,8.3,8.9,1.0,4.0,4.0,5.0,5.0
marshawnlynch/2495663,2009,45.0,3.5,17.9,1.6,12.0,0.9,0.0,0.0,11.2,1.0,0.0,0.0,0.0,0.0,86.1,6.6,86.1,49.0,13.0,1.0,6.0,0.5,6.6,8.2,0.8,5.0,5.0,5.0,5.0
marshawnlynch/2495663,2008,103.6,6.9,30.0,2.0,48.0,3.2,6.0,0.4,18.8,1.3,6.0,0.4,0.0,0.0,212.4,13.3,212.4,212.4,15.0,0.9,15.0,0.9,14.2,14.2,0.9,1.0,1.0,2.0,2.0
marshawnlynch/2495663,2007,111.5,8.6,18.4,1.5,42.0,3.2,0.0,0.0,7.2,0.6,9.0,0.6,0.0,0.0,188.1,11.8,188.1,188.1,13.0,0.8,13.0,0.8,14.5,14.5,0.8,2.0,2.0,1.0,1.0
c.j.ham/2556803,2017,1.3,0.3,6.8,1.0,6.0,1.2,0.0,0.0,2.8,0.4,0.0,0.0,0.0,0.0,16.9,1.1,16.9,1.0,16.0,1.0,1.0,0.1,1.1,1.0,1.0,90.0,98.0,108.0,73.0
stevanridley/2495470,2017,10.8,5.4,,,6.0,3.0,,,,,0.0,0.0,0.0,0.0,16.8,8.4,16.8,14.0,2.0,1.0,1.0,0.5,8.4,14.0,0.1,91.5,32.0,35.0,15.0
paulperkins/2555460,2017,9.0,1.3,4.6,0.9,0.0,0.0,0.0,0.0,3.2,0.6,0.0,0.0,0.0,0.0,16.8,1.1,16.8,12.4,11.0,0.7,4.0,0.3,1.5,3.1,0.7,91.5,99.0,98.0,65.0
terrencemagee/2552383,2016,1.2,1.2,,,0.0,0.0,,,,,0.0,0.0,0.0,0.0,1.2,0.4,1.2,0.0,2.0,0.7,0.0,0.0,0.6,,0.1,108.0,93.0,96.0,
terrencemagee/2552383,2015,0.5,0.5,0.2,0.2,0.0,0.0,0.0,0.0,0.4,0.4,0.0,0.0,0.0,0.0,1.1,0.2,1.1,0.0,4.0,0.7,0.0,0.0,0.3,,0.3,85.0,81.0,79.0,
darrensproles/2506467,2017,6.1,2.0,7.3,3.7,0.0,0.0,0.0,0.0,2.8,1.4,0.0,0.0,0.0,0.0,16.2,5.4,16.2,0.0,3.0,1.0,0.0,0.0,5.4,,0.2,93.0,56.0,66.0,
byronmarshall/2556841,2016,6.4,3.2,1.0,0.5,0.0,0.0,0.0,0.0,1.2,0.6,0.0,0.0,0.0,0.0,8.6,2.9,8.6,0.0,3.0,1.0,0.0,0.0,2.9,,0.2,87.0,65.0,69.0,
cameronartis-payne/2552375,2017,9.5,1.9,0.2,0.2,6.0,1.2,0.0,0.0,0.4,0.4,0.0,0.0,0.0,0.0,16.1,1.0,16.1,0.0,13.0,0.8,0.0,0.0,1.2,,0.8,94.0,101.0,102.0,
dougmartin/2532899,2016,42.1,5.3,13.4,2.2,18.0,2.3,0.0,0.0,5.6,0.9,0.0,0.0,0.0,0.0,79.1,5.3,79.1,79.1,8.0,0.5,8.0,0.5,9.9,9.9,0.5,46.0,48.0,27.0,43.0
dougmartin/2532899,2015,140.2,8.8,27.1,1.8,36.0,2.3,6.0,0.4,13.2,0.9,16.0,1.0,0.0,0.0,238.5,14.9,238.5,238.5,16.0,1.0,16.0,1.0,14.9,14.9,1.0,2.0,3.0,4.0,9.0
dougmartin/2532899,2014,49.4,4.5,6.4,0.6,12.0,1.1,0.0,0.0,5.2,0.5,2.0,0.1,0.0,0.0,75.0,4.7,75.0,75.0,11.0,0.7,11.0,0.7,6.8,6.8,0.7,24.0,26.0,21.0,26.0
dougmartin/2532899,2013,45.6,7.6,6.6,1.1,6.0,1.0,0.0,0.0,4.8,0.8,2.0,0.3,0.0,0.0,65.0,8.1,65.0,65.0,6.0,0.8,6.0,0.8,10.8,10.8,0.4,17.0,10.0,8.0,11.0
dougmartin/2532899,2012,145.4,9.1,47.2,3.0,66.0,4.1,6.0,0.4,19.6,1.2,18.0,1.1,0.0,0.0,302.2,18.9,302.2,302.2,16.0,1.0,16.0,1.0,18.9,18.9,1.0,1.0,1.0,1.0,1.0
jamizeolawale/2536044,2017,4.3,0.9,3.3,0.8,6.0,1.2,0.0,0.0,2.4,0.6,0.0,0.0,0.0,0.0,16.0,1.0,16.0,0.0,12.0,0.8,0.0,0.0,1.3,,0.8,95.0,102.0,100.0,
jeremyhill/2543603,2017,11.6,1.7,1.6,0.4,0.0,0.0,0.0,0.0,1.6,0.4,0.0,0.0,0.0,0.0,14.8,1.8,14.8,14.8,7.0,0.9,7.0,0.9,2.1,2.1,0.4,96.0,90.0,93.0,70.0
fozzywhittaker/2540037,2017,1.8,0.3,4.7,1.2,0.0,0.0,6.0,1.5,2.0,0.5,0.0,0.0,0.0,0.0,14.5,0.9,14.5,0.0,12.0,0.8,0.0,0.0,1.2,,0.8,97.0,104.0,103.0,
leseanmccoy/79607,2016,126.7,8.4,35.6,2.5,78.0,5.2,6.0,0.4,20.4,1.5,20.0,1.3,0.0,0.0,286.7,17.9,286.7,286.7,15.0,0.9,15.0,0.9,19.1,19.1,0.9,4.0,4.0,4.0,7.0
leseanmccoy/79607,2015,89.5,7.5,29.2,2.4,18.0,1.5,12.0,1.0,12.8,1.1,6.0,0.4,0.0,0.0,167.5,10.5,167.5,167.5,12.0,0.8,12.0,0.8,14.0,14.0,0.8,10.0,13.0,7.0,12.0
leseanmccoy/79607,2014,131.9,8.2,15.5,1.2,30.0,1.9,0.0,0.0,11.2,0.9,11.0,0.7,0.0,0.0,199.6,12.5,199.6,199.6,16.0,1.0,16.0,1.0,12.5,12.5,1.0,6.0,6.0,8.0,11.0
leseanmccoy/79607,2013,160.7,10.0,53.9,3.4,54.0,3.4,12.0,0.8,20.8,1.3,31.0,1.9,2.0,0.1,334.4,20.9,334.4,334.4,16.0,1.0,16.0,1.0,20.9,20.9,1.0,1.0,1.0,1.0,2.0
leseanmccoy/79607,2012,84.0,7.0,37.3,3.1,12.0,1.0,18.0,1.5,21.6,1.8,6.0,0.4,0.0,0.0,178.9,11.2,178.9,178.9,12.0,0.8,12.0,0.8,14.9,14.9,0.8,6.0,6.0,4.0,4.0
leseanmccoy/79607,2011,130.9,8.7,31.5,2.1,102.0,6.8,18.0,1.2,19.2,1.3,15.0,0.9,0.0,0.0,316.6,19.8,316.6,316.6,15.0,0.9,15.0,0.9,21.1,21.1,0.9,1.0,1.0,1.0,1.0
leseanmccoy/79607,2010,108.0,7.2,59.2,3.9,42.0,2.8,12.0,0.8,31.2,2.1,6.0,0.4,2.0,0.1,260.4,16.3,260.4,234.1,15.0,0.9,13.0,0.8,17.4,18.0,0.9,1.0,2.0,1.0,1.0
leseanmccoy/79607,2009,63.7,4.0,30.8,1.9,24.0,1.5,0.0,0.0,16.0,1.0,0.0,0.0,0.0,0.0,134.5,8.4,134.5,45.8,16.0,1.0,4.0,0.3,8.4,11.5,1.0,4.0,4.0,4.0,4.0
jamesconner/2557978,2017,14.4,1.2,0.0,0.0,0.0,0.0,0.0,0.0,0.0,0.0,0.0,0.0,0.0,0.0,14.4,1.0,14.4,0.0,14.0,1.0,0.0,0.0,1.0,,0.9,98.0,100.0,109.0,
c.j.prosise/2555417,2017,2.3,0.8,8.7,4.4,0.0,0.0,0.0,0.0,2.4,1.2,0.0,0.0,0.0,0.0,13.4,1.5,13.4,0.0,5.0,0.6,0.0,0.0,2.7,,0.3,99.0,94.0,87.0,
jerickmckinnon/2543715,2016,53.9,3.6,25.5,1.8,12.0,0.8,12.0,0.9,17.2,1.2,0.0,0.0,0.0,0.0,120.6,7.5,120.6,59.3,15.0,0.9,7.0,0.4,8.0,8.5,0.9,30.0,34.0,38.0,47.0
jerickmckinnon/2543715,2015,27.1,2.3,17.3,1.6,12.0,1.0,6.0,0.5,8.4,0.8,0.0,0.0,0.0,0.0,70.8,4.4,70.8,0.0,16.0,1.0,0.0,0.0,4.4,,1.0,42.0,43.0,46.0,
jerickmckinnon/2543715,2014,53.8,4.9,13.5,1.4,0.0,0.0,0.0,0.0,10.8,1.1,4.0,0.3,0.0,0.0,82.1,6.8,82.1,55.0,11.0,0.9,6.0,0.5,7.5,9.2,0.7,22.0,20.0,19.0,21.0
rooseveltnix/2550235,2017,0.0,0.0,0.6,0.2,6.0,3.0,6.0,2.0,0.8,0.3,0.0,0.0,0.0,0.0,13.4,0.8,13.4,0.0,16.0,1.0,4.0,0.3,0.8,0.0,1.0,100.0,106.0,112.0,88.5
j.d.mckissic/2556440,2016,0.2,0.2,1.6,1.6,0.0,0.0,0.0,0.0,0.8,0.8,0.0,0.0,0.0,0.0,2.6,0.9,2.6,0.0,1.0,0.3,0.0,0.0,2.6,,0.1,102.0,86.0,72.0,
brandenoliver/2550658,2017,8.3,1.2,2.6,0.4,0.0,0.0,0.0,0.0,2.4,0.4,0.0,0.0,0.0,0.0,13.3,0.8,13.3,0.0,8.0,0.5,0.0,0.0,1.7,,0.5,101.0,107.0,96.0,
christinemichael/2539322,2016,58.3,3.9,10.7,1.1,42.0,2.8,6.0,0.6,8.8,0.9,2.0,0.1,0.0,0.0,127.8,8.0,127.8,95.7,15.0,0.9,7.0,0.4,8.5,13.7,0.9,26.0,29.0,32.0,23.0
christinemichael/2539322,2015,24.3,3.0,1.6,0.4,0.0,0.0,0.0,0.0,1.2,0.3,2.0,0.2,0.0,0.0,29.1,2.4,29.1,15.0,8.0,0.7,2.0,0.2,3.6,7.5,0.5,54.0,51.0,51.0,33.0
christinemichael/2539322,2014,17.5,1.8,1.2,0.6,0.0,0.0,0.0,0.0,0.4,0.2,0.0,0.0,0.0,0.0,19.1,1.2,19.1,0.0,10.0,0.6,0.0,0.0,1.9,,0.6,39.0,42.0,42.0,
christinemichael/2539322,2013,7.9,2.6,,,0.0,0.0,,,,,0.0,0.0,0.0,0.0,7.9,0.5,7.9,0.0,4.0,0.3,0.0,0.0,2.0,,0.3,32.0,32.0,24.0,
andyjanovich/2555432,2017,1.2,0.2,3.5,0.9,6.0,1.0,0.0,0.0,1.6,0.4,0.0,0.0,0.0,0.0,12.3,0.8,12.3,0.4,16.0,1.0,4.0,0.3,0.8,0.1,1.0,102.0,108.0,113.0,83.5
lamarmiller/2533034,2016,107.3,7.7,18.8,1.4,30.0,2.1,6.0,0.5,12.4,1.0,8.0,0.5,0.0,0.0,182.5,11.4,182.5,182.5,14.0,0.9,14.0,0.9,13.0,13.0,0.9,16.0,18.0,16.0,26.0
lamarmiller/2533034,2015,87.2,5.5,39.7,2.6,48.0,3.0,12.0,0.8,18.8,1.3,9.0,0.6,0.0,0.0,214.7,13.4,214.7,214.7,16.0,1.0,16.0,1.0,13.4,13.4,1.0,3.0,5.0,8.0,16.0
lamarmiller/2533034,2014,109.9,6.9,27.5,1.7,48.0,3.0,6.0,0.4,15.2,1.0,7.0,0.4,0.0,0.0,213.6,13.4,213.6,213.6,16.0,1.0,16.0,1.0,13.4,13.4,1.0,4.0,4.0,6.0,7.0
lamarmiller/2533034,2013,70.9,4.4,17.0,1.2,12.0,0.8,0.0,0.0,10.4,0.7,2.0,0.1,0.0,0.0,112.3,7.0,112.3,107.2,16.0,1.0,15.0,0.9,7.0,7.1,1.0,12.0,13.0,16.0,16.0
lamarmiller/2533034,2012,25.0,2.8,4.5,0.9,6.0,0.7,0.0,0.0,2.4,0.5,0.0,0.0,0.0,0.0,37.9,2.4,37.9,1.3,13.0,0.8,1.0,0.1,2.9,1.3,0.8,15.0,15.0,16.0,13.0
de'angelohendersonsr./2557850,2017,1.3,0.4,3.6,1.8,0.0,0.0,6.0,3.0,0.8,0.4,0.0,0.0,0.0,0.0,11.7,0.7,11.7,0.0,5.0,0.3,0.0,0.0,2.3,,0.3,103.0,110.0,91.0,
davidjohnson/2553435,2017,2.3,2.3,6.7,6.7,0.0,0.0,0.0,0.0,2.4,2.4,0.0,0.0,0.0,0.0,11.4,11.4,11.4,11.4,1.0,1.0,1.0,1.0,11.4,11.4,0.1,104.0,16.0,16.0,26.0
treyedmunds/2559325,2017,4.8,4.8,,,6.0,6.0,,,,,0.0,0.0,0.0,0.0,10.8,0.7,10.8,0.0,16.0,1.0,0.0,0.0,0.7,,1.0,105.0,112.0,115.0,
tymontgomery/2552429,2016,45.7,3.5,34.8,3.2,18.0,1.4,0.0,0.0,17.6,1.6,5.0,0.3,0.0,0.0,121.1,7.6,121.1,89.7,15.0,0.9,6.0,0.4,8.1,15.0,0.9,29.0,33.0,37.0,18.0
tymontgomery/2552429,2015,1.4,0.7,13.6,2.7,0.0,0.0,12.0,2.4,6.0,1.2,0.0,0.0,0.0,0.0,33.0,2.4,33.0,19.5,6.0,0.4,3.0,0.2,5.5,6.5,0.4,50.0,52.0,42.0,39.0
zachline/2539303,2017,2.8,0.6,0.8,0.2,0.0,0.0,6.0,1.5,0.8,0.2,0.0,0.0,0.0,0.0,10.4,0.9,10.4,0.2,12.0,1.0,4.0,0.3,0.9,0.1,0.8,106.0,105.0,111.0,85.0
alfredmorris/2533457,2016,24.3,1.9,1.1,0.2,12.0,0.9,0.0,0.0,1.2,0.2,0.0,0.0,0.0,0.0,38.6,2.4,38.6,0.0,14.0,0.9,0.0,0.0,2.8,,0.9,65.0,69.0,71.0,
alfredmorris/2533457,2015,75.1,4.7,5.5,0.7,6.0,0.4,0.0,0.0,4.0,0.5,4.0,0.3,0.0,0.0,94.6,5.9,94.6,94.6,16.0,1.0,16.0,1.0,5.9,5.9,1.0,36.0,39.0,40.0,41.0
alfredmorris/2533457,2014,107.4,6.7,15.5,1.6,48.0,3.0,0.0,0.0,6.8,0.7,2.0,0.1,0.0,0.0,179.7,11.2,179.7,179.7,16.0,1.0,16.0,1.0,11.2,11.2,1.0,8.0,8.0,9.0,13.0
alfredmorris/2533457,2013,127.5,8.0,7.8,1.0,42.0,2.6,0.0,0.0,3.6,0.5,6.0,0.4,0.0,0.0,186.9,11.7,186.9,186.9,16.0,1.0,16.0,1.0,11.7,11.7,1.0,6.0,7.0,7.0,8.0
alfredmorris/2533457,2012,161.3,10.1,7.7,0.7,78.0,4.9,0.0,0.0,4.4,0.4,22.0,1.4,0.0,0.0,273.4,17.1,273.4,273.4,16.0,1.0,16.0,1.0,17.1,17.1,1.0,3.0,3.0,3.0,2.0
byronmarshall/2556841,2017,3.2,1.1,3.6,1.8,0.0,0.0,0.0,0.0,2.4,1.2,0.0,0.0,0.0,0.0,9.2,2.3,9.2,0.0,4.0,1.0,0.0,0.0,2.3,,0.3,107.0,86.0,92.0,
raheemmostert/2553728,2016,0.6,0.6,,,0.0,0.0,,,,,0.0,0.0,0.0,0.0,0.6,0.2,0.6,0.0,3.0,1.0,0.0,0.0,0.2,,0.2,113.0,102.0,104.0,
raheemmostert/2553728,2015,,,,,,,,,,,0.0,0.0,0.0,0.0,0.0,0.0,0.0,0.0,11.0,0.8,0.0,0.0,0.0,,0.7,88.0,88.0,88.0,
zachzenner/2553631,2017,2.6,0.4,0.0,0.0,6.0,0.9,0.0,0.0,0.0,0.0,0.0,0.0,0.0,0.0,8.6,0.5,8.6,0.0,8.0,0.5,0.0,0.0,1.1,,0.5,108.0,113.0,106.0,
marcusmurphy/2552647,2016,,,0.3,0.3,,,0.0,0.0,0.4,0.4,0.0,0.0,0.0,0.0,0.7,0.0,0.7,0.0,3.0,0.2,0.0,0.0,0.2,,0.2,111.5,113.0,102.0,
marcusmurphy/2552647,2015,0.0,0.0,,,0.0,0.0,,,,,0.0,0.0,0.0,0.0,0.0,0.0,0.0,0.0,13.0,1.0,0.0,0.0,0.0,,0.8,88.0,88.0,88.0,
tylerervin/2555234,2017,1.2,0.6,3.8,1.3,0.0,0.0,0.0,0.0,3.2,1.1,0.0,0.0,0.0,0.0,8.2,2.1,8.2,0.0,4.0,1.0,0.0,0.0,2.1,,0.3,109.0,87.0,94.0,
lataviusmurray/2541161,2016,78.8,5.6,26.4,1.9,72.0,5.1,0.0,0.0,13.2,0.9,4.0,0.3,0.0,0.0,194.4,12.2,194.4,164.1,14.0,0.9,12.0,0.8,13.9,13.7,0.9,13.0,15.0,12.0,22.0
lataviusmurray/2541161,2015,106.6,6.7,23.2,1.5,36.0,2.3,0.0,0.0,16.4,1.1,4.0,0.3,0.0,0.0,186.2,11.6,186.2,186.2,16.0,1.0,16.0,1.0,11.6,11.6,1.0,7.0,10.0,12.0,21.0
lataviusmurray/2541161,2014,42.4,4.7,14.3,2.0,12.0,1.3,0.0,0.0,6.8,1.0,2.0,0.1,0.0,0.0,77.5,4.8,77.5,31.7,15.0,0.9,3.0,0.2,5.2,10.6,0.9,23.0,25.0,29.0,16.0
brianhill/2558112,2017,3.7,1.2,3.6,1.8,0.0,0.0,0.0,0.0,0.8,0.4,0.0,0.0,0.0,0.0,8.1,0.7,8.1,0.0,7.0,0.6,0.0,0.0,1.2,,0.4,110.0,109.0,104.0,
rooseveltnix/2550235,2016,,,0.5,0.5,,,0.0,0.0,0.8,0.8,0.0,0.0,0.0,0.0,1.3,0.1,1.3,1.3,10.0,0.6,2.0,0.1,0.1,0.7,0.6,107.0,112.0,110.0,68.0
rooseveltnix/2550235,2015,,,1.6,0.8,,,0.0,0.0,0.8,0.4,0.0,0.0,0.0,0.0,2.4,0.2,2.4,1.4,15.0,1.0,4.0,0.3,0.2,0.4,0.9,79.0,83.0,83.0,59.0
aaronripkowski/2552477,2017,1.3,0.3,3.9,0.5,0.0,0.0,0.0,0.0,2.8,0.4,0.0,0.0,0.0,0.0,8.0,0.5,8.0,0.0,16.0,1.0,2.0,0.1,0.5,0.0,1.0,111.0,115.0,117.0,88.5
brandonbolden/2532797,2017,6.7,2.2,0.7,0.7,0.0,0.0,0.0,0.0,0.4,0.4,0.0,0.0,0.0,0.0,7.8,0.5,7.8,0.0,16.0,1.0,0.0,0.0,0.5,,1.0,112.0,116.0,119.0,
jamizeolawale/2536044,2016,4.7,0.5,22.7,2.3,12.0,1.3,6.0,0.6,4.8,0.5,0.0,0.0,0.0,0.0,50.2,3.1,50.2,20.9,16.0,1.0,7.0,0.4,3.1,3.0,1.0,59.0,63.0,66.0,63.0
jamizeolawale/2536044,2015,11.0,1.2,8.4,1.4,6.0,0.7,0.0,0.0,3.6,0.6,0.0,0.0,0.0,0.0,29.0,1.8,29.0,5.3,14.0,0.9,3.0,0.2,2.1,1.8,0.9,55.0,59.0,58.0,49.0
jamizeolawale/2536044,2014,0.0,0.0,1.8,0.3,0.0,0.0,12.0,2.0,2.0,0.3,0.0,0.0,0.0,0.0,15.8,1.0,15.8,0.0,16.0,1.0,0.0,0.0,1.0,,1.0,43.5,48.5,49.5,
jamizeolawale/2536044,2013,0.6,0.3,6.3,1.1,0.0,0.0,0.0,0.0,2.8,0.5,0.0,0.0,0.0,0.0,9.7,0.6,9.7,1.8,16.0,1.0,1.0,0.1,0.6,1.8,1.0,29.0,29.0,32.0,22.0
jamizeolawale/2536044,2012,,,,,,,,,,,0.0,0.0,0.0,0.0,0.0,0.0,0.0,0.0,3.0,0.8,0.0,0.0,0.0,,0.2,24.0,24.0,24.0,
tremadden/2556603,2017,,,6.5,3.3,,,0.0,0.0,0.8,0.4,0.0,0.0,0.0,0.0,7.3,0.9,7.3,7.0,8.0,1.0,3.0,0.4,0.9,2.3,0.5,113.0,103.0,110.0,68.0
brandenoliver/2550658,2015,10.8,1.8,11.2,2.2,0.0,0.0,0.0,0.0,5.2,1.0,0.0,0.0,0.0,0.0,27.2,3.4,27.2,9.8,8.0,1.0,1.0,0.1,3.4,9.8,0.5,58.0,48.0,52.0,30.0
brandenoliver/2550658,2014,58.2,4.2,27.1,2.3,18.0,1.3,6.0,0.5,14.4,1.2,4.0,0.3,0.0,0.0,127.7,8.0,127.7,74.9,14.0,0.9,7.0,0.4,9.1,10.7,0.9,15.0,16.0,13.0,15.0
lawrencethomas/2556695,2017,0.1,0.1,4.3,0.7,0.0,0.0,0.0,0.0,2.4,0.4,0.0,0.0,0.0,0.0,6.8,0.5,6.8,2.0,14.0,0.9,4.0,0.3,0.5,0.5,0.9,114.0,117.0,120.0,78.5
derekwatt/2555220,2017,2.4,0.5,3.5,1.8,0.0,0.0,0.0,0.0,0.8,0.4,0.0,0.0,0.0,0.0,6.7,0.4,6.7,3.0,16.0,1.0,4.0,0.3,0.4,0.8,1.0,115.0,119.0,121.0,76.0
dwaynewashington/2556118,2017,4.4,1.1,1.4,0.7,0.0,0.0,0.0,0.0,0.8,0.4,0.0,0.0,0.0,0.0,6.6,0.4,6.6,0.0,5.0,0.3,0.0,0.0,1.3,,0.3,116.0,120.0,101.0,
paulperkins/2555460,2016,45.6,3.5,16.2,1.3,0.0,0.0,0.0,0.0,6.0,0.5,2.0,0.1,0.0,0.0,69.8,4.4,69.8,12.2,14.0,0.9,1.0,0.1,5.0,12.2,0.9,51.0,55.0,58.0,33.0
nickbellore/2495262,2017,,,0.1,0.1,,,6.0,6.0,0.4,0.4,0.0,0.0,0.0,0.0,6.5,0.4,6.5,0.0,13.0,0.9,2.0,0.1,0.5,0.0,0.8,117.0,118.0,118.0,88.5
senoriseperry/2550633,2014,,,-0.1,-0.1,,,0.0,0.0,0.4,0.4,0.0,0.0,0.0,0.0,0.3,0.0,0.3,0.0,16.0,1.0,0.0,0.0,0.0,,1.0,54.0,54.0,54.0,
troymainepope/2557531,2016,4.4,1.1,0.5,0.3,0.0,0.0,0.0,0.0,0.4,0.2,0.0,0.0,0.0,0.0,5.3,0.4,5.3,0.0,4.0,0.3,0.0,0.0,1.3,,0.3,92.0,92.0,85.0,
jalstonfowler/2552464,2017,0.4,0.2,0.0,0.0,6.0,3.0,0.0,0.0,0.0,0.0,0.0,0.0,0.0,0.0,6.4,0.5,6.4,0.0,10.0,0.8,1.0,0.1,0.6,0.0,0.6,118.0,114.0,116.0,88.5
bilalpowell/2495328,2016,72.2,4.5,38.8,2.6,18.0,1.1,12.0,0.8,23.2,1.5,4.0,0.3,0.0,0.0,168.2,10.5,168.2,56.4,16.0,1.0,4.0,0.3,10.5,14.1,1.0,20.0,22.0,25.0,21.0
bilalpowell/2495328,2015,31.3,3.1,38.8,3.5,6.0,0.6,12.0,1.1,18.8,1.7,0.0,0.0,0.0,0.0,106.9,6.7,106.9,21.3,11.0,0.7,2.0,0.1,9.7,10.7,0.7,30.0,35.0,23.0,26.0
bilalpowell/2495328,2014,14.1,1.0,9.2,1.3,6.0,0.4,0.0,0.0,4.4,0.6,0.0,0.0,0.0,0.0,33.7,2.1,33.7,0.0,15.0,0.9,1.0,0.1,2.2,0.0,0.9,36.0,38.0,39.0,40.5
bilalpowell/2495328,2013,69.7,4.4,27.2,1.7,6.0,0.4,0.0,0.0,14.4,0.9,2.0,0.1,0.0,0.0,119.3,7.5,119.3,78.8,16.0,1.0,11.0,0.7,7.5,7.2,1.0,10.0,12.0,14.0,15.0
bilalpowell/2495328,2012,43.7,3.1,14.0,1.1,24.0,1.7,0.0,0.0,6.8,0.5,0.0,0.0,0.0,0.0,88.5,5.5,88.5,6.9,14.0,0.9,2.0,0.1,6.3,3.5,0.9,10.0,10.0,10.0,11.0
bilalpowell/2495328,2011,2.1,1.1,0.7,0.7,0.0,0.0,0.0,0.0,0.4,0.4,0.0,0.0,0.0,0.0,3.2,0.2,3.2,0.0,2.0,0.1,0.0,0.0,1.6,,0.1,15.0,15.0,12.0,
jamesdevelin/2508101,2017,,,3.8,0.5,,,0.0,0.0,2.4,0.3,0.0,0.0,0.0,0.0,6.2,0.4,6.2,2.4,16.0,1.0,7.0,0.4,0.4,0.3,1.0,119.0,121.0,122.0,80.0
jayprosch/2543695,2016,0.9,0.2,0.6,0.6,0.0,0.0,0.0,0.0,0.4,0.4,0.0,0.0,0.0,0.0,1.9,0.1,1.9,0.0,15.0,0.9,1.0,0.1,0.1,0.0,0.9,105.0,109.0,111.0,77.0
jayprosch/2543695,2015,3.3,0.8,,,0.0,0.0,,,,,0.0,0.0,0.0,0.0,3.3,0.2,3.3,2.4,16.0,1.0,2.0,0.1,0.2,1.2,1.0,77.0,80.0,82.0,52.0
jayprosch/2543695,2014,,,2.4,0.8,,,0.0,0.0,0.4,0.1,0.0,0.0,0.0,0.0,2.8,0.2,2.8,2.8,16.0,1.0,5.0,0.3,0.2,0.6,1.0,53.0,53.0,53.0,36.0
mattdayes/2557987,2017,1.3,0.4,2.9,1.0,0.0,0.0,0.0,0.0,1.6,0.5,0.0,0.0,0.0,0.0,5.8,0.4,5.8,0.0,16.0,1.0,0.0,0.0,0.4,,1.0,120.0,122.0,123.0,
c.j.prosise/2555417,2016,17.2,2.9,20.8,3.5,6.0,1.0,0.0,0.0,6.8,1.1,0.0,0.0,0.0,0.0,50.8,3.2,50.8,33.0,6.0,0.4,2.0,0.1,8.5,16.5,0.4,58.0,62.0,34.0,12.0
marcusmurphy/2552647,2017,4.1,4.1,0.7,0.7,0.0,0.0,0.0,0.0,0.8,0.8,0.0,0.0,0.0,0.0,5.6,5.6,5.6,0.0,1.0,1.0,0.0,0.0,5.6,,0.1,121.0,52.0,62.0,
patrickdimarco/2530763,2017,-0.2,-0.1,2.8,0.4,0.0,0.0,0.0,0.0,2.8,0.4,0.0,0.0,0.0,0.0,5.4,0.3,5.4,4.5,16.0,1.0,9.0,0.6,0.3,0.5,1.0,122.0,124.0,125.0,78.5
thomasrawls/2553733,2016,34.9,3.9,9.6,1.2,18.0,2.0,0.0,0.0,5.2,0.7,2.0,0.1,0.0,0.0,69.7,4.4,69.7,52.7,9.0,0.6,7.0,0.4,7.7,7.5,0.6,52.5,56.5,42.0,51.0
thomasrawls/2553733,2015,83.0,6.9,7.6,1.3,24.0,2.0,6.0,1.0,3.6,0.6,19.0,1.5,0.0,0.0,143.2,11.0,143.2,134.1,13.0,1.0,7.0,0.5,11.0,19.2,0.8,16.0,12.0,16.0,4.0
jayprosch/2543695,2017,,,3.1,0.8,,,0.0,0.0,1.6,0.4,0.0,0.0,0.0,0.0,4.7,0.3,4.7,0.5,16.0,1.0,5.0,0.3,0.3,0.1,1.0,123.0,127.0,127.0,83.5
jalenrichard/2556885,2016,49.2,3.1,19.4,1.4,6.0,0.4,12.0,0.9,11.6,0.8,0.0,0.0,0.0,0.0,98.2,6.1,98.2,0.0,16.0,1.0,0.0,0.0,6.1,,1.0,37.0,41.0,52.0,
keithsmith/2550400,2017,,,2.6,0.7,,,0.0,0.0,2.0,0.5,0.0,0.0,0.0,0.0,4.6,0.3,4.6,2.5,16.0,1.0,3.0,0.2,0.3,0.8,1.0,124.0,128.0,128.0,75.0
theoriddick/2540020,2016,35.7,3.6,37.1,3.7,6.0,0.6,30.0,3.0,21.2,2.1,0.0,0.0,0.0,0.0,130.0,8.7,130.0,97.1,10.0,0.7,8.0,0.5,13.0,12.1,0.6,25.0,26.0,17.0,34.0
theoriddick/2540020,2015,13.3,1.0,69.7,4.4,0.0,0.0,18.0,1.1,32.0,2.0,0.0,0.0,0.0,0.0,133.0,8.3,133.0,10.6,16.0,1.0,1.0,0.1,8.3,10.6,1.0,20.0,24.0,29.0,27.0
theoriddick/2540020,2014,5.1,0.5,31.6,4.0,0.0,0.0,24.0,3.0,13.6,1.7,0.0,0.0,0.0,0.0,74.3,4.6,74.3,7.7,14.0,0.9,2.0,0.1,5.3,3.9,0.9,25.0,27.0,28.0,29.0
theoriddick/2540020,2013,2.5,0.6,2.6,0.4,6.0,1.5,0.0,0.0,1.6,0.2,0.0,0.0,0.0,0.0,12.7,0.8,12.7,0.0,14.0,0.9,0.0,0.0,0.9,,0.9,28.0,28.0,29.0,
mackbrown/2553867,2017,2.9,1.5,1.1,1.1,0.0,0.0,0.0,0.0,0.4,0.4,0.0,0.0,0.0,0.0,4.4,0.3,4.4,0.0,4.0,0.3,0.0,0.0,1.1,,0.3,125.0,126.0,105.0,
stevanridley/2495470,2016,0.7,0.7,,,0.0,0.0,,,,,0.0,0.0,0.0,0.0,0.7,0.2,0.7,0.0,1.0,0.3,0.0,0.0,0.7,,0.1,111.5,99.0,91.0,
stevanridley/2495470,2015,9.0,1.1,-0.2,-0.1,0.0,0.0,0.0,0.0,1.6,0.5,0.0,0.0,0.0,0.0,10.4,1.0,10.4,3.7,8.0,0.8,1.0,0.1,1.3,3.7,0.5,70.0,69.0,66.0,48.0
stevanridley/2495470,2014,34.0,5.7,2.0,0.5,12.0,2.0,0.0,0.0,1.6,0.4,4.0,0.7,0.0,0.0,53.6,8.9,53.6,50.8,6.0,1.0,5.0,0.8,8.9,10.2,0.4,32.0,12.0,14.0,19.0
stevanridley/2495470,2013,77.3,5.5,6.2,0.9,42.0,3.0,0.0,0.0,4.0,0.6,2.0,0.1,0.0,0.0,131.5,8.2,131.5,57.1,14.0,0.9,6.0,0.4,9.4,9.5,0.9,8.0,9.0,9.0,13.0
stevanridley/2495470,2012,126.3,7.9,5.1,0.7,72.0,4.5,0.0,0.0,2.4,0.3,11.0,0.7,0.0,0.0,216.8,13.6,216.8,161.0,16.0,1.0,12.0,0.8,13.6,13.4,1.0,4.0,4.0,5.0,6.0
stevanridley/2495470,2011,44.1,3.7,1.3,0.3,6.0,0.5,0.0,0.0,1.2,0.3,0.0,0.0,0.0,0.0,52.6,3.3,52.6,10.0,16.0,1.0,2.0,0.1,3.3,5.0,1.0,9.0,10.0,10.0,9.0
fitzgeraldtoussaint/2550738,2017,2.5,1.3,0.9,0.9,0.0,0.0,0.0,0.0,0.8,0.8,0.0,0.0,0.0,0.0,4.2,0.7,4.2,0.0,6.0,1.0,0.0,0.0,0.7,,0.4,126.0,111.0,114.0,
aaronripkowski/2552477,2016,15.0,1.5,4.6,0.6,12.0,1.2,6.0,0.8,3.6,0.5,0.0,0.0,0.0,0.0,41.2,2.6,41.2,24.7,16.0,1.0,8.0,0.5,2.6,3.1,1.0,64.0,68.0,73.0,62.0
aaronripkowski/2552477,2015,,,1.8,1.8,,,0.0,0.0,0.4,0.4,0.0,0.0,0.0,0.0,2.2,0.1,2.2,0.0,15.0,0.9,0.0,0.0,0.1,,0.9,81.0,84.0,84.0,
senoriseperry/2550633,2017,3.0,1.5,0.3,0.3,0.0,0.0,0.0,0.0,0.4,0.4,0.0,0.0,0.0,0.0,3.7,0.2,3.7,0.0,16.0,1.0,0.0,0.0,0.2,,1.0,127.0,130.0,131.0,
jacquizzrodgers/2495471,2016,56.0,5.6,9.8,1.1,12.0,1.2,0.0,0.0,5.2,0.6,7.0,0.5,0.0,0.0,90.0,6.0,90.0,75.7,10.0,0.7,5.0,0.3,9.0,15.1,0.6,42.0,43.0,30.0,16.0
jacquizzrodgers/2495471,2015,4.1,0.8,1.0,0.3,0.0,0.0,0.0,0.0,0.4,0.1,0.0,0.0,0.0,0.0,5.5,1.1,5.5,0.0,5.0,1.0,0.0,0.0,1.1,,0.3,73.0,68.0,71.0,
jacquizzrodgers/2495471,2014,21.7,1.4,17.3,1.1,6.0,0.4,6.0,0.4,11.6,0.7,0.0,0.0,0.0,0.0,62.6,3.9,62.6,7.5,16.0,1.0,1.0,0.1,3.9,7.5,1.0,30.0,33.0,34.0,25.0
jacquizzrodgers/2495471,2013,33.2,2.2,34.1,2.3,12.0,0.8,12.0,0.8,20.8,1.4,0.0,0.0,0.0,0.0,112.1,7.0,112.1,62.1,15.0,0.9,4.0,0.3,7.5,15.5,0.9,13.0,14.0,13.0,4.0
jacquizzrodgers/2495471,2012,36.2,2.3,40.2,2.5,6.0,0.4,6.0,0.4,21.2,1.3,0.0,0.0,0.0,0.0,109.6,6.9,109.6,0.0,16.0,1.0,0.0,0.0,6.9,,1.0,8.0,8.0,9.0,
jacquizzrodgers/2495471,2011,20.5,1.3,18.8,1.3,6.0,0.4,6.0,0.4,8.4,0.6,0.0,0.0,0.0,0.0,59.7,3.7,59.7,0.0,16.0,1.0,0.0,0.0,3.7,,1.0,8.0,9.0,9.0,
derrickcoleman/2534871,2017,0.8,0.8,2.0,0.4,0.0,0.0,0.0,0.0,0.8,0.2,0.0,0.0,0.0,0.0,3.6,0.2,3.6,1.5,16.0,1.0,7.0,0.4,0.2,0.2,1.0,128.0,131.0,133.0,82.0
anthonysherman/2495340,2016,,,1.1,0.2,,,0.0,0.0,1.6,0.3,0.0,0.0,0.0,0.0,2.7,0.2,2.7,1.0,16.0,1.0,3.0,0.2,0.2,0.3,1.0,100.0,105.0,107.0,71.0
anthonysherman/2495340,2015,0.0,0.0,3.4,0.9,0.0,0.0,0.0,0.0,1.6,0.4,0.0,0.0,0.0,0.0,5.0,0.3,5.0,3.3,16.0,1.0,2.0,0.1,0.3,1.7,1.0,74.0,77.0,78.0,50.0
anthonysherman/2495340,2014,0.8,0.4,7.1,0.8,0.0,0.0,6.0,0.7,4.0,0.4,0.0,0.0,0.0,0.0,17.9,1.1,17.9,0.9,16.0,1.0,6.0,0.4,1.1,0.2,1.0,40.0,43.0,46.0,39.0
anthonysherman/2495340,2013,0.3,0.2,15.5,1.6,0.0,0.0,6.0,0.6,7.2,0.7,0.0,0.0,0.0,0.0,29.0,1.8,29.0,17.5,16.0,1.0,8.0,0.5,1.8,2.2,1.0,23.0,24.0,25.0,21.0
anthonysherman/2495340,2012,,,3.9,0.7,,,0.0,0.0,2.0,0.3,0.0,0.0,0.0,0.0,5.9,0.4,5.9,0.0,13.0,0.8,4.0,0.3,0.5,0.0,0.8,20.0,20.0,20.0,14.5
anthonysherman/2495340,2011,0.3,0.3,7.2,1.0,0.0,0.0,0.0,0.0,3.2,0.5,0.0,0.0,0.0,0.0,10.7,0.7,10.7,8.9,15.0,0.9,7.0,0.4,0.7,1.3,0.9,13.0,13.0,15.0,10.0
joshferguson/2556411,2017,0.5,0.5,1.6,0.8,0.0,0.0,0.0,0.0,1.2,0.6,0.0,0.0,0.0,0.0,3.3,0.3,3.3,0.0,10.0,1.0,0.0,0.0,0.3,,0.6,129.0,125.0,126.0,
charlessims/2543770,2016,14.9,2.1,19.0,2.7,6.0,0.9,6.0,0.9,9.6,1.4,0.0,0.0,0.0,0.0,55.5,7.9,55.5,25.1,7.0,1.0,2.0,0.3,7.9,12.5,0.4,57.0,31.0,40.0,29.0
charlessims/2543770,2015,52.9,3.3,56.1,3.5,0.0,0.0,24.0,1.5,20.4,1.3,0.0,0.0,0.0,0.0,153.4,9.6,153.4,0.0,16.0,1.0,0.0,0.0,9.6,,1.0,15.0,20.0,24.0,
charlessims/2543770,2014,18.5,2.3,19.0,2.4,6.0,0.8,0.0,0.0,7.6,1.0,0.0,0.0,0.0,0.0,51.1,5.7,51.1,0.0,8.0,0.9,0.0,0.0,6.4,,0.5,33.0,23.0,22.0,
dannyvitale/2555218,2017,,,1.9,0.4,,,0.0,0.0,1.2,0.2,0.0,0.0,0.0,0.0,3.1,0.2,3.1,2.0,15.0,0.9,6.0,0.4,0.2,0.3,0.9,130.0,132.0,134.0,81.0
wendellsmallwood/2555461,2016,31.2,2.6,5.5,0.9,6.0,0.5,0.0,0.0,2.4,0.4,0.0,0.0,0.0,0.0,45.1,3.5,45.1,7.3,13.0,1.0,3.0,0.2,3.5,2.4,0.8,61.0,61.0,64.0,64.0
raheemmostert/2553728,2017,3.0,1.0,,,0.0,0.0,,,,,0.0,0.0,0.0,0.0,3.0,0.3,3.0,0.0,11.0,1.0,0.0,0.0,0.3,,0.7,131.5,129.0,130.0,
keithsmith/2550400,2016,0.5,0.3,2.0,0.7,0.0,0.0,0.0,0.0,1.2,0.4,0.0,0.0,0.0,0.0,3.7,0.2,3.7,0.0,16.0,1.0,1.0,0.1,0.2,0.0,1.0,96.0,100.0,103.0,77.0
keithsmith/2550400,2015,,,,,,,,,,,0.0,0.0,0.0,0.0,0.0,0.0,0.0,0.0,5.0,1.0,0.0,0.0,0.0,,0.3,88.0,88.0,88.0,
keithsmith/2550400,2014,,,,,,,,,,,0.0,0.0,0.0,0.0,0.0,0.0,0.0,0.0,10.0,0.9,0.0,0.0,0.0,,0.6,58.5,58.5,57.5,
ryanhewitt/2550206,2017,,,2.2,1.1,,,0.0,0.0,0.8,0.4,0.0,0.0,0.0,0.0,3.0,0.2,3.0,2.0,13.0,0.8,3.0,0.2,0.2,0.7,0.8,131.5,133.5,132.0,77.0
rodsmith/2553743,2016,,,0.4,0.4,,,0.0,0.0,0.4,0.4,0.0,0.0,0.0,0.0,0.8,0.1,0.8,0.0,7.0,1.0,0.0,0.0,0.1,,0.4,110.0,110.0,112.0,
rodsmith/2553743,2015,0.5,0.5,0.6,0.3,0.0,0.0,0.0,0.0,0.4,0.2,0.0,0.0,0.0,0.0,1.5,0.1,1.5,0.0,11.0,0.9,0.0,0.0,0.1,,0.7,83.0,85.0,85.0,
michaelburton/2552636,2017,0.9,0.2,0.8,0.2,0.0,0.0,0.0,0.0,0.8,0.2,0.0,0.0,0.0,0.0,2.5,0.2,2.5,0.0,16.0,1.0,3.0,0.2,0.2,0.0,1.0,133.0,135.0,138.0,88.5
darrensproles/2506467,2016,43.8,2.9,42.7,2.8,12.0,0.8,12.0,0.8,20.8,1.4,0.0,0.0,2.0,0.1,133.3,8.3,133.3,33.5,15.0,0.9,5.0,0.3,8.9,6.7,0.9,23.0,27.0,31.0,54.0
darrensproles/2506467,2015,31.7,2.0,38.8,2.4,18.0,1.1,6.0,0.4,22.0,1.4,0.0,0.0,0.0,0.0,116.5,7.3,116.5,25.6,16.0,1.0,4.0,0.3,7.3,6.4,1.0,27.0,31.0,35.0,40.0
darrensproles/2506467,2014,32.9,2.2,38.7,3.0,36.0,2.4,0.0,0.0,16.0,1.2,0.0,0.0,5.0,0.3,128.6,8.0,128.6,0.0,15.0,0.9,0.0,0.0,8.6,,0.9,14.0,15.0,15.0,
darrensproles/2506467,2013,22.0,1.7,60.4,4.0,12.0,0.9,12.0,0.8,28.4,1.9,0.0,0.0,2.0,0.1,136.8,8.5,136.8,26.1,15.0,0.9,4.0,0.3,9.1,6.5,0.9,7.0,8.0,10.0,17.0
darrensproles/2506467,2012,24.4,2.7,66.7,5.1,6.0,0.7,42.0,3.2,30.0,2.3,0.0,0.0,4.0,0.3,173.1,10.8,173.1,79.4,13.0,0.8,6.0,0.4,13.3,13.2,0.8,7.0,7.0,7.0,7.0
darrensproles/2506467,2011,60.3,3.8,71.0,4.4,12.0,0.8,42.0,2.6,34.4,2.2,0.0,0.0,0.0,0.0,219.7,13.7,219.7,59.0,16.0,1.0,4.0,0.3,13.7,14.8,1.0,3.0,3.0,3.0,3.0
darrensproles/2506467,2010,26.7,1.8,52.0,3.5,0.0,0.0,12.0,0.8,23.6,1.6,0.0,0.0,0.0,0.0,114.3,7.1,114.3,24.1,16.0,1.0,3.0,0.2,7.1,8.0,1.0,5.0,5.0,7.0,7.0
darrensproles/2506467,2009,34.3,2.3,49.7,3.1,18.0,1.2,24.0,1.5,18.0,1.1,0.0,0.0,2.0,0.1,146.0,9.1,146.0,32.1,16.0,1.0,2.0,0.1,9.1,16.1,1.0,3.0,3.0,3.0,3.0
darrensproles/2506467,2008,33.0,2.4,34.2,2.4,6.0,0.4,30.0,2.1,11.6,0.8,2.0,0.1,0.0,0.0,116.8,7.3,116.8,0.0,16.0,1.0,0.0,0.0,7.3,,1.0,4.0,4.0,4.0,
darrensproles/2506467,2007,16.4,2.7,3.1,0.6,12.0,2.0,0.0,0.0,4.0,0.8,2.0,0.1,0.0,0.0,37.5,2.3,37.5,0.0,15.0,0.9,0.0,0.0,2.5,,0.9,3.0,3.0,3.0,
darrensproles/2506467,2005,5.0,0.8,1.0,0.3,0.0,0.0,0.0,0.0,1.2,0.4,0.0,0.0,0.0,0.0,7.2,0.5,7.2,0.0,15.0,0.9,0.0,0.0,0.5,,0.9,2.0,2.0,2.0,
davidfluellen/2550289,2017,2.1,1.1,0.0,0.0,0.0,0.0,0.0,0.0,0.0,0.0,0.0,0.0,0.0,0.0,2.1,0.1,2.1,0.0,16.0,1.0,0.0,0.0,0.1,,1.0,134.0,136.0,139.0,
jonathanstewart/949,2016,82.4,6.3,6.0,0.5,54.0,4.2,0.0,0.0,3.2,0.3,2.0,0.1,0.0,0.0,147.6,9.2,147.6,147.6,13.0,0.8,13.0,0.8,11.4,11.4,0.8,22.0,25.0,22.0,38.0
jonathanstewart/949,2015,98.9,7.6,9.9,0.9,36.0,2.8,6.0,0.5,6.4,0.6,4.0,0.3,0.0,0.0,161.2,10.1,161.2,161.2,13.0,0.8,13.0,0.8,12.4,12.4,0.8,13.0,17.0,10.0,19.0
jonathanstewart/949,2014,80.9,6.2,18.1,1.5,18.0,1.4,6.0,0.5,10.0,0.8,7.0,0.4,0.0,0.0,140.0,8.8,140.0,100.1,13.0,0.8,8.0,0.5,10.8,12.5,0.8,12.0,13.0,10.0,10.0
jonathanstewart/949,2013,18.0,3.0,4.4,1.1,0.0,0.0,0.0,0.0,2.8,0.7,0.0,0.0,0.0,0.0,25.2,2.8,25.2,5.0,6.0,0.7,1.0,0.1,4.2,5.0,0.4,24.0,21.0,19.0,18.0
jonathanstewart/949,2012,33.6,3.7,15.7,1.7,6.0,0.7,6.0,0.7,6.8,0.8,0.0,0.0,0.0,0.0,68.1,4.3,68.1,45.8,9.0,0.6,6.0,0.4,7.6,7.6,0.6,11.0,11.0,8.0,9.0
jonathanstewart/949,2011,76.1,4.8,41.3,2.8,24.0,1.5,6.0,0.4,18.8,1.3,0.0,0.0,2.0,0.1,168.2,10.5,168.2,32.9,16.0,1.0,3.0,0.2,10.5,11.0,1.0,5.0,5.0,5.0,5.0
jonathanstewart/949,2010,77.0,5.5,10.3,1.0,12.0,0.9,6.0,0.6,3.2,0.3,4.0,0.3,0.0,0.0,112.5,7.0,112.5,66.6,14.0,0.9,7.0,0.4,8.0,9.5,0.9,6.0,6.0,6.0,4.0
jonathanstewart/949,2009,113.3,7.1,13.9,1.1,60.0,3.8,6.0,0.5,7.2,0.6,18.0,1.1,0.0,0.0,218.4,13.7,218.4,80.5,16.0,1.0,3.0,0.2,13.7,26.8,1.0,2.0,2.0,2.0,1.0
jonathanstewart/949,2008,83.6,5.2,4.7,0.5,60.0,3.8,0.0,0.0,3.2,0.3,4.0,0.3,0.0,0.0,155.5,9.7,155.5,0.0,16.0,1.0,0.0,0.0,9.7,,1.0,3.0,3.0,3.0,
taiwanjones/2495467,2017,,,1.1,1.1,,,0.0,0.0,0.4,0.4,0.0,0.0,0.0,0.0,1.5,0.2,1.5,0.0,8.0,1.0,0.0,0.0,0.2,,0.5,135.0,133.5,135.0,
lawrencethomas/2556695,2016,,,,,,,,,,,0.0,0.0,0.0,0.0,0.0,0.0,0.0,0.0,3.0,1.0,1.0,0.3,0.0,0.0,0.2,118.5,118.5,116.5,77.0
leshundaniels/2559020,2017,1.4,0.7,,,0.0,0.0,,,,,0.0,0.0,0.0,0.0,1.4,0.4,1.4,0.0,4.0,1.0,0.0,0.0,0.4,,0.3,136.5,123.0,124.0,
christhompson/2540011,2016,35.6,2.2,34.9,2.2,18.0,1.1,12.0,0.8,19.6,1.2,0.0,0.0,0.0,0.0,120.1,7.5,120.1,0.0,16.0,1.0,0.0,0.0,7.5,,1.0,32.0,36.0,44.0,
christhompson/2540011,2015,21.6,2.2,24.0,2.0,0.0,0.0,12.0,1.0,14.0,1.2,0.0,0.0,0.0,0.0,71.6,4.5,71.6,0.0,13.0,0.8,0.0,0.0,5.5,,0.8,41.0,42.0,41.0,
christhompson/2540011,2014,1.2,1.2,2.7,1.4,0.0,0.0,6.0,3.0,2.4,1.2,0.0,0.0,0.0,0.0,12.3,4.1,12.3,0.0,2.0,0.7,0.0,0.0,6.2,,0.1,46.0,32.0,24.0,
christhompson/2540011,2013,,,,,,,,,,,0.0,0.0,0.0,0.0,0.0,0.0,0.0,0.0,4.0,0.4,0.0,0.0,0.0,,0.3,41.0,41.0,41.0,
mattjones/2552635,2017,1.4,0.7,,,0.0,0.0,,,,,0.0,0.0,0.0,0.0,1.4,0.1,1.4,0.0,5.0,0.4,0.0,0.0,0.3,,0.3,136.5,138.0,129.0,
fitzgeraldtoussaint/2550738,2016,5.8,1.2,3.3,1.7,0.0,0.0,0.0,0.0,1.2,0.6,0.0,0.0,0.0,0.0,10.3,0.6,10.3,0.0,16.0,1.0,0.0,0.0,0.6,,1.0,83.5,87.5,93.5,
fitzgeraldtoussaint/2550738,2015,4.2,1.4,,,0.0,0.0,,,,,0.0,0.0,0.0,0.0,4.2,0.7,4.2,0.0,5.0,0.8,0.0,0.0,0.8,,0.3,75.0,74.0,73.0,
fitzgeraldtoussaint/2550738,2014,1.2,0.6,2.7,1.4,0.0,0.0,0.0,0.0,1.2,0.6,0.0,0.0,0.0,0.0,5.1,1.0,5.1,0.0,4.0,0.8,0.0,0.0,1.3,,0.3,51.0,47.0,45.0,
devantemays/2558837,2017,0.1,0.1,0.0,0.0,0.0,0.0,0.0,0.0,1.2,1.2,0.0,0.0,0.0,0.0,1.3,0.1,1.3,0.0,8.0,0.5,0.0,0.0,0.2,,0.5,138.0,139.0,137.0,
robertturbin/2533460,2016,16.4,1.1,17.9,1.5,42.0,2.8,6.0,0.5,10.4,0.9,0.0,0.0,0.0,0.0,92.7,5.8,92.7,0.0,15.0,0.9,0.0,0.0,6.2,,0.9,40.0,44.0,51.0,
robertturbin/2533460,2015,19.9,2.0,2.3,0.3,6.0,0.6,0.0,0.0,2.8,0.4,0.0,0.0,0.0,0.0,31.0,1.9,31.0,0.0,10.0,0.6,0.0,0.0,3.1,,0.6,52.0,55.0,54.0,
robertturbin/2533460,2014,31.0,1.9,18.6,2.1,0.0,0.0,12.0,1.3,6.4,0.7,0.0,0.0,0.0,0.0,68.0,4.3,68.0,10.0,16.0,1.0,3.0,0.2,4.3,3.3,1.0,29.0,31.0,33.0,30.0
robertturbin/2533460,2013,26.4,1.8,6.0,0.7,0.0,0.0,0.0,0.0,3.2,0.4,0.0,0.0,0.0,0.0,35.6,2.2,35.6,0.0,16.0,1.0,0.0,0.0,2.2,,1.0,22.0,23.0,23.0,
robertturbin/2533460,2012,35.4,2.4,18.1,1.4,0.0,0.0,0.0,0.0,7.6,0.6,2.0,0.1,0.0,0.0,63.1,3.9,63.1,0.0,16.0,1.0,0.0,0.0,3.9,,1.0,13.0,13.0,15.0,
joekerridge/2556415,2017,,,0.3,0.3,,,0.0,0.0,0.4,0.4,0.0,0.0,0.0,0.0,0.7,0.1,0.7,0.0,4.0,0.7,0.0,0.0,0.2,,0.3,139.0,137.0,136.0,
shanevereen/2495473,2016,15.8,3.9,9.4,1.9,6.0,1.5,0.0,0.0,4.4,0.9,0.0,0.0,0.0,0.0,35.6,7.1,35.6,16.3,5.0,1.0,1.0,0.2,7.1,16.3,0.3,67.0,40.0,47.0,13.5
shanevereen/2495473,2015,26.0,1.6,49.4,3.3,0.0,0.0,24.0,1.6,23.6,1.6,0.0,0.0,0.0,0.0,123.0,7.7,123.0,0.0,16.0,1.0,0.0,0.0,7.7,,1.0,25.0,29.0,33.0,
shanevereen/2495473,2014,39.1,2.4,44.7,2.8,12.0,0.8,18.0,1.1,20.8,1.3,0.0,0.0,0.0,0.0,134.6,8.4,134.6,60.7,16.0,1.0,6.0,0.4,8.4,10.1,1.0,13.0,14.0,16.0,20.0
shanevereen/2495473,2013,20.8,2.6,42.7,5.3,6.0,0.8,18.0,2.3,18.8,2.3,2.0,0.3,5.0,0.6,113.3,14.2,113.3,15.5,8.0,1.0,1.0,0.1,14.2,15.5,0.5,11.0,3.0,4.0,5.0
shanevereen/2495473,2012,25.1,2.5,14.9,1.7,18.0,1.8,6.0,0.7,3.2,0.4,0.0,0.0,0.0,0.0,67.2,4.2,67.2,6.3,13.0,0.8,1.0,0.1,5.2,6.3,0.8,12.0,12.0,13.0,10.0
shanevereen/2495473,2011,5.7,2.9,,,6.0,3.0,,,,,0.0,0.0,0.0,0.0,11.7,0.7,11.7,0.0,5.0,0.3,0.0,0.0,2.3,,0.3,12.0,12.0,11.0,
justindavis/2559163,2017,0.1,0.1,,,0.0,0.0,,,,,0.0,0.0,0.0,0.0,0.1,0.0,0.1,0.0,4.0,0.3,0.0,0.0,0.0,,0.3,140.0,140.0,140.0,
dannyvitale/2555218,2016,,,2.7,0.5,,,0.0,0.0,1.6,0.3,0.0,0.0,0.0,0.0,4.3,0.4,4.3,0.3,9.0,0.8,3.0,0.3,0.5,0.1,0.6,95.0,94.0,98.0,74.0
spencerware/2540204,2016,92.1,6.6,44.7,3.2,18.0,1.3,12.0,0.9,13.2,0.9,2.0,0.1,2.0,0.1,184.0,11.5,184.0,184.0,14.0,0.9,14.0,0.9,13.1,13.1,0.9,15.0,17.0,15.0,25.0
spencerware/2540204,2015,40.3,4.5,0.5,0.2,36.0,4.0,0.0,0.0,2.4,0.8,2.0,0.2,0.0,0.0,81.2,7.4,81.2,25.9,11.0,1.0,2.0,0.2,7.4,13.0,0.7,37.0,30.0,34.0,17.0
spencerware/2540204,2013,1.0,1.0,,,0.0,0.0,,,,,0.0,0.0,0.0,0.0,1.0,0.1,1.0,0.0,2.0,0.3,0.0,0.0,0.5,,0.1,38.0,36.0,36.0,
alexarmah/2558833,2017,,,,,,,,,,,0.0,0.0,0.0,0.0,0.0,0.0,0.0,0.0,9.0,0.6,0.0,0.0,0.0,,0.6,148.0,148.0,145.5,
deandrewashington/2555464,2016,46.7,3.6,11.5,1.0,12.0,0.9,0.0,0.0,6.8,0.6,0.0,0.0,0.0,0.0,77.0,4.8,77.0,7.5,14.0,0.9,2.0,0.1,5.5,3.8,0.9,49.0,53.0,54.0,61.0
cethancarter/2558929,2017,,,0.0,0.0,,,0.0,0.0,0.0,0.0,0.0,0.0,0.0,0.0,0.0,0.0,0.0,0.0,16.0,1.0,0.0,0.0,0.0,,1.0,148.0,148.0,145.5,
dwaynewashington/2556118,2016,26.5,2.4,6.2,0.8,6.0,0.5,0.0,0.0,4.0,0.5,0.0,0.0,0.0,0.0,42.7,2.7,42.7,12.6,12.0,0.8,2.0,0.1,3.6,6.3,0.8,63.0,66.0,63.0,55.0
elijahhood/2558113,2017,,,,,,,,,,,0.0,0.0,0.0,0.0,0.0,0.0,0.0,0.0,1.0,1.0,0.0,0.0,0.0,,0.1,148.0,148.0,145.5,
derekwatt/2555220,2016,0.4,0.2,8.3,2.1,0.0,0.0,0.0,0.0,1.6,0.4,0.0,0.0,0.0,0.0,10.3,0.6,10.3,0.0,16.0,1.0,2.0,0.1,0.6,0.0,1.0,83.5,87.5,93.5,77.0
daniellasco/2555219,2017,,,,,,,,,,,0.0,0.0,0.0,0.0,0.0,0.0,0.0,0.0,3.0,0.8,0.0,0.0,0.0,,0.2,148.0,148.0,145.5,
charcandrickwest/2550268,2016,29.3,2.1,18.8,1.7,6.0,0.4,12.0,1.1,11.2,1.0,0.0,0.0,0.0,0.0,77.3,4.8,77.3,34.2,15.0,0.9,2.0,0.1,5.2,17.1,0.9,48.0,52.0,57.0,9.0
charcandrickwest/2550268,2015,63.4,5.3,21.4,1.8,24.0,2.0,6.0,0.5,8.0,0.7,2.0,0.1,0.0,0.0,124.8,7.8,124.8,112.9,15.0,0.9,9.0,0.6,8.3,12.5,0.9,23.0,27.0,28.0,18.0
charcandrickwest/2550268,2014,,,0.0,0.0,,,0.0,0.0,0.0,0.0,0.0,0.0,0.0,0.0,0.0,0.0,0.0,0.0,6.0,0.9,0.0,0.0,0.0,,0.4,58.5,58.5,57.5,
terrencemagee/2552383,2017,,,,,,,,,,,0.0,0.0,0.0,0.0,0.0,0.0,0.0,0.0,2.0,0.7,0.0,0.0,0.0,,0.1,148.0,148.0,145.5,
terrancewest/2543664,2016,77.4,4.8,23.6,1.7,30.0,1.9,6.0,0.4,13.6,1.0,2.0,0.1,0.0,0.0,152.6,9.5,152.6,136.2,16.0,1.0,13.0,0.8,9.5,10.5,1.0,21.0,24.0,28.0,42.0
terrancewest/2543664,2015,23.1,2.9,2.1,0.7,0.0,0.0,0.0,0.0,1.6,0.5,0.0,0.0,0.0,0.0,26.8,1.9,26.8,0.0,8.0,0.6,0.0,0.0,3.4,,0.5,59.0,57.0,53.0,
terrancewest/2543664,2014,67.3,4.8,6.4,0.8,24.0,1.7,6.0,0.8,4.4,0.5,2.0,0.1,0.0,0.0,110.1,6.9,110.1,67.2,14.0,0.9,6.0,0.4,7.9,11.2,0.9,18.0,19.0,17.0,14.0
jeremymcnichols/2557977,2017,,,,,,,,,,,0.0,0.0,0.0,0.0,0.0,0.0,0.0,0.0,2.0,0.4,0.0,0.0,0.0,,0.1,148.0,148.0,145.5,
jameswhite/2543773,2016,16.6,1.3,55.1,3.4,0.0,0.0,30.0,1.9,24.0,1.5,0.0,0.0,0.0,0.0,125.7,7.9,125.7,17.9,16.0,1.0,4.0,0.3,7.9,4.5,1.0,28.0,32.0,41.0,59.0
jameswhite/2543773,2015,5.6,0.5,41.0,3.7,12.0,1.1,24.0,2.2,16.0,1.5,0.0,0.0,2.0,0.1,100.6,6.3,100.6,4.2,14.0,0.9,1.0,0.1,7.2,4.2,0.9,33.5,38.0,36.0,45.0
jameswhite/2543773,2014,3.8,1.9,2.3,1.2,0.0,0.0,0.0,0.0,2.0,1.0,0.0,0.0,0.0,0.0,8.1,0.5,8.1,0.0,3.0,0.2,0.0,0.0,2.7,,0.2,49.0,51.0,38.0,
taquanmizzell/2558975,2017,,,,,,,,,,,0.0,0.0,0.0,0.0,0.0,0.0,0.0,0.0,3.0,0.2,0.0,0.0,0.0,,0.2,148.0,148.0,145.5,
fozzywhittaker/2540037,2016,26.5,1.7,22.6,1.7,0.0,0.0,0.0,0.0,10.0,0.8,2.0,0.1,0.0,0.0,61.1,3.8,61.1,0.0,16.0,1.0,0.0,0.0,3.8,,1.0,55.0,59.0,62.0,
fozzywhittaker/2540037,2015,10.8,1.1,6.4,0.6,6.0,0.6,0.0,0.0,4.8,0.5,0.0,0.0,0.0,0.0,28.0,1.8,28.0,4.6,15.0,0.9,1.0,0.1,1.9,4.6,0.9,57.0,61.0,62.0,44.0
fozzywhittaker/2540037,2014,14.5,1.8,6.0,1.5,6.0,0.8,6.0,1.5,2.0,0.5,0.0,0.0,0.0,0.0,34.5,2.2,34.5,12.0,10.0,0.6,1.0,0.1,3.5,12.0,0.6,35.0,37.0,36.0,12.0
fozzywhittaker/2540037,2013,7.9,1.1,15.5,1.7,0.0,0.0,12.0,1.3,8.4,0.9,0.0,0.0,0.0,0.0,43.8,2.9,43.8,6.1,14.0,0.9,2.0,0.1,3.1,3.1,0.9,20.0,20.0,21.0,20.0
brandonwilds/2556454,2016,2.7,0.9,2.0,2.0,0.0,0.0,0.0,0.0,0.8,0.8,0.0,0.0,0.0,0.0,5.5,1.4,5.5,0.0,4.0,1.0,0.0,0.0,1.4,,0.3,91.0,81.0,84.0,
dareogunbowale/2559362,2017,,,,,,,,,,,0.0,0.0,0.0,0.0,0.0,0.0,0.0,0.0,2.0,1.0,0.0,0.0,0.0,,0.1,148.0,148.0,145.5,
damienwilliams/2550512,2016,11.5,0.9,24.9,1.8,18.0,1.4,18.0,1.3,9.2,0.7,0.0,0.0,0.0,0.0,81.6,5.1,81.6,0.0,15.0,0.9,0.0,0.0,5.4,,0.9,45.0,50.0,56.0,
damienwilliams/2550512,2015,5.9,0.7,14.2,1.2,0.0,0.0,6.0,0.5,8.4,0.7,0.0,0.0,0.0,0.0,34.5,2.2,34.5,0.0,16.0,1.0,0.0,0.0,2.2,,1.0,49.0,53.0,57.0,
damienwilliams/2550512,2014,12.2,1.5,18.7,2.1,0.0,0.0,6.0,0.7,8.4,0.9,0.0,0.0,0.0,0.0,45.3,2.8,45.3,0.0,16.0,1.0,0.0,0.0,2.8,,1.0,34.0,36.0,37.0,
jarveonwilliams/2559010,2017,,,,,,,,,,,0.0,0.0,0.0,0.0,0.0,0.0,0.0,0.0,1.0,0.3,0.0,0.0,0.0,,0.1,148.0,148.0,145.5,
marquezwilliams/2558860,2017,,,0.0,0.0,,,0.0,0.0,0.0,0.0,0.0,0.0,0.0,0.0,0.0,0.0,0.0,0.0,1.0,1.0,0.0,0.0,0.0,,0.1,148.0,148.0,145.5,
russellhansbrough/2556547,2017,,,,,,,,,,,0.0,0.0,0.0,0.0,0.0,0.0,0.0,0.0,0.0,0.0,0.0,0.0,,,0.0,148.0,148.0,,
jonathanwilliams/2555227,2016,9.4,1.3,0.0,0.0,6.0,0.9,0.0,0.0,0.4,0.2,0.0,0.0,0.0,0.0,15.8,1.0,15.8,0.0,11.0,0.7,0.0,0.0,1.4,,0.7,78.0,82.0,82.0,
akeemjudd/2559338,2017,,,,,,,,,,,0.0,0.0,0.0,0.0,0.0,0.0,0.0,0.0,0.0,0.0,0.0,0.0,,,0.0,148.0,148.0,,
kerwynnwilliams/2539980,2016,15.7,5.2,0.6,0.3,12.0,4.0,0.0,0.0,0.4,0.2,0.0,0.0,0.0,0.0,28.7,2.6,28.7,0.0,10.0,0.9,0.0,0.0,2.9,,0.6,72.0,67.0,68.0,
kerwynnwilliams/2539980,2015,14.2,2.8,1.6,0.8,6.0,1.2,0.0,0.0,0.8,0.4,0.0,0.0,0.0,0.0,22.6,3.8,22.6,0.0,6.0,1.0,0.0,0.0,3.8,,0.4,61.0,45.0,50.0,
kerwynnwilliams/2539980,2014,24.6,6.1,1.1,0.6,0.0,0.0,0.0,0.0,0.8,0.4,2.0,0.3,0.0,0.0,28.5,3.6,28.5,0.0,5.0,0.6,0.0,0.0,5.7,,0.3,38.0,34.0,27.0,
kerwynnwilliams/2539980,2013,,,,,,,,,,,0.0,0.0,0.0,0.0,0.0,0.0,0.0,0.0,1.0,0.5,0.0,0.0,0.0,,0.1,41.0,41.0,41.0,
djpumphrey/2558850,2017,,,,,,,,,,,0.0,0.0,0.0,0.0,0.0,0.0,0.0,0.0,0.0,0.0,0.0,0.0,,,0.0,148.0,148.0,,
jonathanwilliams/2555227,2017,,,,,,,,,,,0.0,0.0,0.0,0.0,0.0,0.0,0.0,0.0,0.0,0.0,0.0,0.0,,,0.0,148.0,148.0,,
treywilliams/2553486,2015,1.2,1.2,,,0.0,0.0,,,,,0.0,0.0,0.0,0.0,1.2,0.2,1.2,0.0,2.0,0.3,0.0,0.0,0.6,,0.1,84.0,82.0,75.0,
treywilliams/2553486,2017,,,,,,,,,,,0.0,0.0,0.0,0.0,0.0,0.0,0.0,0.0,0.0,0.0,0.0,0.0,,,0.0,148.0,148.0,,
t.j.yeldon/2552471,2016,46.5,3.1,31.2,2.2,6.0,0.4,6.0,0.4,20.0,1.4,0.0,0.0,0.0,0.0,109.7,7.3,109.7,97.9,15.0,1.0,13.0,0.9,7.3,7.5,0.9,35.0,37.0,45.0,50.0
t.j.yeldon/2552471,2015,74.0,6.2,27.9,2.3,12.0,1.0,6.0,0.5,14.4,1.2,4.0,0.3,0.0,0.0,138.3,8.6,138.3,138.3,12.0,0.8,12.0,0.8,11.5,11.5,0.8,17.0,21.0,13.0,22.0
bronsonhill/2554357,2017,-0.2,-0.2,,,0.0,0.0,,,,,0.0,0.0,0.0,0.0,-0.2,-0.1,-0.2,0.0,2.0,0.5,0.0,0.0,-0.1,,0.1,156.0,156.0,151.0,
zachzenner/2553631,2016,33.4,3.0,19.6,2.2,24.0,2.2,0.0,0.0,7.2,0.8,0.0,0.0,0.0,0.0,84.2,5.3,84.2,58.0,14.0,0.9,4.0,0.3,6.0,14.5,0.9,44.0,49.0,53.0,19.0
zachzenner/2553631,2015,6.0,1.5,1.1,0.6,0.0,0.0,0.0,0.0,0.8,0.4,0.0,0.0,0.0,0.0,7.9,1.3,7.9,4.1,6.0,1.0,1.0,0.2,1.3,4.1,0.4,71.0,64.0,65.0,47.0