Player Id,Year,Rushing Yards pts sum,Rushing Yards pts mean,Receiving Yards pts sum,Receiving Yards pts mean,Rushing TDs pts sum,Rushing TDs pts mean,Receiving TDs pts sum,Receiving TDs pts mean,Receptions pts sum,Receptions pts mean,Rushing Bonus pts sum,Rushing Bonus pts mean,Receiving Bonus pts sum,Receiving Bonus pts mean,Total pts sum,Total pts mean,Total pts active sum,Total pts started sum,Games Played sum,Games Played mean,Games Started sum,Percentage Started Games,Avg pts per Games Played,Avg pts per Games Started,Percentage Played Games,Sum Fantasy Rank,Avg Fantasy Rank,Avg pts Played Rank,Avg pts Started Rank
jerelladams/2555311,2017,,,9.2,1.5333333333333332,,,0.0,0.0,3.2,0.5333333333333333,0,0,0,0.0,12.4,0.775,12.4,0.0,16,1.0,1,0.0625,0.775,0.0,1.0,67.0,74.0,75.0,84.0
jerelladams/2555311,2016,,,12.200000000000001,1.3555555555555556,,,6.0,0.6666666666666666,6.400000000000001,0.7111111111111112,0,0,0,0.0,24.599999999999998,1.5374999999999999,24.599999999999998,4.3,13,0.8125,2,0.125,1.8923076923076922,2.15,0.8125,45.0,45.0,46.0,44.0
dwayneallen/2533046,2017,,,8.600000000000001,0.7166666666666668,,,6.0,0.5,4.0,0.3333333333333333,0,0,0,0.0,18.6,1.1625,18.6,6.3,16,1.0,8,0.5,1.1625,0.7875,1.0,61.0,66.0,68.0,70.0
dwayneallen/2533046,2016,,,40.6,2.9,,,36.0,2.5714285714285716,14.0,1.0,0,0,0,0.0,90.6,5.6625,90.6,90.6,14,0.875,14,0.875,6.471428571428571,6.471428571428571,0.875,15.0,15.0,17.0,17.0
dwayneallen/2533046,2015,0.1,0.1,10.9,0.9083333333333333,0.0,0.0,6.0,0.5,6.4,0.5333333333333333,0,0,0,0.0,23.400000000000002,1.56,23.400000000000002,22.400000000000002,13,0.8666666666666667,12,0.8,1.8000000000000003,1.866666666666667,0.8125,37.0,38.0,38.0,39.0
dwayneallen/2533046,2014,,,39.49999999999999,3.291666666666666,,,48.0,4.0,11.600000000000001,0.9666666666666668,0,0,0,0.0,99.10000000000002,6.193750000000001,99.10000000000002,99.10000000000002,13,0.8125,13,0.8125,7.623076923076924,7.623076923076924,0.8125,10.0,10.0,6.0,10.0
dwayneallen/2533046,2013,,,2.0,2.0,,,6.0,6.0,0.4,0.4,0,0,0,0.0,8.4,4.2,8.4,8.4,1,0.5,1,0.5,8.4,8.4,0.0625,30.0,15.0,7.0,9.0
dwayneallen/2533046,2012,0.5,0.16666666666666666,52.10000000000001,3.473333333333334,0.0,0.0,18.0,1.2,18.000000000000004,1.2000000000000002,0,0,0,0.0,88.6,5.5375,88.6,88.6,16,1.0,16,1.0,5.5375,5.5375,1.0,10.0,10.0,10.0,11.0
jaceamaro/2543481,2016,,,5.9,5.9,,,0.0,0.0,1.2000000000000002,1.2000000000000002,0,0,0,0.0,7.1000000000000005,0.44375000000000003,7.1000000000000005,0.0,3,0.1875,0,0.0,2.3666666666666667,,0.1875,64.0,67.0,41.0,
jaceamaro/2543481,2014,,,34.50000000000001,2.653846153846154,,,12.0,0.9230769230769231,15.200000000000003,1.1692307692307695,0,0,0,0.0,61.7,3.85625,61.7,11.700000000000001,14,0.875,4,0.25,4.4071428571428575,2.9250000000000003,0.875,16.0,18.0,18.0,25.0
stephenanderson/2556463,2017,,,34.2,2.442857142857143,,,6.0,0.42857142857142855,10.000000000000002,0.7142857142857144,0,0,0,0.0,50.2,3.1375,50.2,20.6,15,0.9375,5,0.3125,3.3466666666666667,4.12,0.9375,30.0,36.0,37.0,34.0
stephenanderson/2556463,2016,,,9.3,1.0333333333333334,,,6.0,0.6666666666666666,4.3999999999999995,0.4888888888888888,0,0,0,0.0,19.700000000000003,1.2312500000000002,19.700000000000003,0.0,13,0.8125,0,0.0,1.5153846153846156,,0.8125,49.0,50.0,49.0,
antonyauclair/2559044,2017,,,2.5,1.25,,,0.0,0.0,0.8,0.4,0,0,0,0.0,3.3000000000000003,0.20625000000000002,3.3000000000000003,0.0,8,0.5,3,0.1875,0.41250000000000003,0.0,0.5,88.5,91.5,86.0,84.0
evanbaylis/2559299,2017,,,,,,,,,,,0,0,0,0.0,0.0,0.0,0.0,0.0,1,1.0,0,0.0,0.0,,0.0625,108.0,108.0,106.5,
blakebell/2552478,2017,,,1.9000000000000004,0.6333333333333334,,,0.0,0.0,1.2000000000000002,0.4000000000000001,0,0,0,0.0,3.1,0.23846153846153847,3.1,3.1,13,1.0,3,0.23076923076923078,0.23846153846153847,1.0333333333333334,0.8125,90.0,89.0,92.0,62.0
blakebell/2552478,2016,,,8.5,1.4166666666666667,,,0.0,0.0,1.6,0.26666666666666666,0,0,0,0.0,10.100000000000001,0.7214285714285715,10.100000000000001,0.0,13,0.9285714285714286,0,0.0,0.776923076923077,,0.8125,60.0,63.0,65.0,
blakebell/2552478,2015,,,18.6,2.066666666666667,,,0.0,0.0,6.0,0.6666666666666666,0,0,0,0.0,24.6,1.5375,24.6,8.9,14,0.875,5,0.3125,1.7571428571428573,1.78,0.875,36.0,39.0,39.0,41.0
braedonbowman/2556476,2016,,,0.0,0.0,,,0.0,0.0,0.0,0.0,0,0,0,0.0,0.0,0.0,0.0,0.0,3,0.6,0,0.0,0.0,,0.1875,90.0,90.0,89.0,
nickboyle/2552402,2017,,,20.300000000000004,1.3533333333333337,,,0.0,0.0,11.200000000000003,0.7466666666666668,0,0,0,0.0,31.500000000000004,1.9687500000000002,31.500000000000004,26.3,15,0.9375,11,0.6875,2.1,2.390909090909091,0.9375,45.0,47.0,50.0,45.0
nickboyle/2552402,2016,,,4.4,1.4666666666666668,,,0.0,0.0,2.4,0.7999999999999999,0,0,0,0.0,6.800000000000001,1.1333333333333335,6.800000000000001,0.0,6,1.0,0,0.0,1.1333333333333335,,0.375,65.0,52.0,57.0,
nickboyle/2552402,2015,,,15.3,1.9125,,,0.0,0.0,7.200000000000001,0.9000000000000001,0,0,0,0.0,22.5,1.875,22.5,7.1000000000000005,11,0.9166666666666666,2,0.16666666666666666,2.0454545454545454,3.5500000000000003,0.6875,41.0,33.0,32.0,29.0
cameronbrate/2550656,2017,,,59.1,3.69375,,,36.0,2.25,19.200000000000003,1.2000000000000002,0,0,0,0.0,114.30000000000001,7.143750000000001,114.30000000000001,50.5,16,1.0,5,0.3125,7.143750000000001,10.1,1.0,9.0,9.0,10.0,6.0
cameronbrate/2550656,2016,,,66.0,4.4,,,48.0,3.2,22.800000000000004,1.5200000000000002,0,0,0,0.0,136.79999999999998,9.12,136.79999999999998,90.89999999999999,15,1.0,10,0.6666666666666666,9.12,9.09,0.9375,7.0,7.0,11.0,9.0
cameronbrate/2550656,2015,,,28.800000000000004,2.4000000000000004,,,18.0,1.5,9.2,0.7666666666666666,0,0,0,0.0,56.0,4.0,56.0,18.5,14,1.0,4,0.2857142857142857,4.0,4.625,0.875,21.0,18.0,21.0,23.0
cameronbrate/2550656,2014,,,1.7000000000000002,1.7000000000000002,,,0.0,0.0,0.4,0.4,0,0,0,0.0,2.1,0.42000000000000004,2.1,2.1,5,1.0,1,0.2,0.42000000000000004,2.1,0.3125,47.0,42.0,44.0,29.0
benbraunecker/2556478,2017,,,,,,,,,,,0,0,0,0.0,0.0,0.0,0.0,0.0,8,1.0,0,0.0,0.0,,0.5,108.0,108.0,106.5,
benbraunecker/2556478,2016,,,4.1000000000000005,1.366666666666667,,,0.0,0.0,1.6,0.5333333333333333,0,0,0,0.0,5.700000000000001,0.43846153846153857,5.700000000000001,2.7,13,1.0,2,0.15384615384615385,0.43846153846153857,1.35,0.8125,66.0,68.0,71.0,53.0
danielbrown/2553900,2017,,,12.900000000000002,1.6125000000000003,,,0.0,0.0,5.2,0.65,0,0,0,0.0,18.1,1.13125,18.1,0.0,14,0.875,2,0.125,1.292857142857143,0.0,0.875,62.0,67.0,65.0,84.0
danielbrown/2553900,2016,,,12.400000000000002,2.066666666666667,,,6.0,1.0,6.4,1.0666666666666667,0,0,0,0.0,24.8,2.2545454545454544,24.8,10.4,8,0.7272727272727273,3,0.2727272727272727,3.1,3.466666666666667,0.5,44.0,36.0,33.0,30.0
danielbrown/2553900,2015,,,6.4,1.6,,,0.0,0.0,2.4,0.6,0,0,0,0.0,8.8,1.4666666666666668,8.8,6.7,6,1.0,1,0.16666666666666666,1.4666666666666668,6.7,0.375,53.0,40.0,44.0,16.0
pharaohbrown/2559018,2017,,,,,,,,,,,0,0,0,0.0,0.0,0.0,0.0,0.0,2,1.0,1,0.5,0.0,0.0,0.125,108.0,108.0,106.5,84.0
treyburton/2550284,2017,,,24.8,2.2545454545454544,,,30.0,2.727272727272727,9.200000000000001,0.8363636363636364,0,0,0,0.0,64.0,4.0,64.0,10.900000000000002,15,0.9375,1,0.0625,4.266666666666667,10.900000000000002,0.9375,26.0,28.0,28.0,5.0
treyburton/2550284,2016,,,32.7,2.335714285714286,,,6.0,0.42857142857142855,14.800000000000002,1.0571428571428574,0,0,0,0.0,53.50000000000001,3.3437500000000004,53.50000000000001,6.1000000000000005,15,0.9375,4,0.25,3.5666666666666673,1.5250000000000001,0.9375,28.0,28.0,30.0,51.0
treyburton/2550284,2015,,,5.4,1.8,,,0.0,0.0,1.2000000000000002,0.4000000000000001,0,0,0,0.0,6.6000000000000005,0.41250000000000003,6.6000000000000005,0.0,16,1.0,0,0.0,0.41250000000000003,,1.0,55.0,57.0,57.0,
treyburton/2550284,2014,1.0,1.0,,,0.0,0.0,,,,,0,0,0,0.0,1.0,0.0625,1.0,0.0,15,0.9375,0,0.0,0.06666666666666667,,0.9375,48.0,48.0,48.0,
emanuelbyrd/2559100,2017,,,3.1,3.1,,,0.0,0.0,0.8,0.8,0,0,0,0.0,3.9000000000000004,3.9000000000000004,3.9000000000000004,0.0,1,1.0,0,0.0,3.9000000000000004,,0.0625,86.0,29.0,33.0,
derekcarrier/2534241,2017,,,7.100000000000001,0.8875000000000002,,,0.0,0.0,3.2,0.4,0,0,0,0.0,10.300000000000002,0.6437500000000002,10.300000000000002,2.1,14,0.875,3,0.1875,0.7357142857142859,0.7000000000000001,0.875,75.0,80.0,78.0,72.0
derekcarrier/2534241,2016,,,1.0,0.5,,,0.0,0.0,0.8,0.4,0,0,0,0.0,1.8,0.225,1.8,0.0,8,1.0,0,0.0,0.225,,0.5,78.0,74.0,77.0,
derekcarrier/2534241,2015,,,14.1,1.2818181818181817,,,6.0,0.5454545454545454,6.800000000000001,0.6181818181818183,0,0,0,0.0,26.900000000000002,2.0692307692307694,26.900000000000002,26.900000000000002,12,0.9230769230769231,12,0.9230769230769231,2.2416666666666667,2.2416666666666667,0.75,34.0,29.0,30.0,37.0
derekcarrier/2534241,2014,0.2,0.2,10.5,1.75,0.0,0.0,0.0,0.0,3.5999999999999996,0.6,0,0,0,0.0,14.3,1.3,14.3,2.7,11,1.0,1,0.09090909090909091,1.3,2.7,0.6875,35.0,33.0,34.0,27.0
derekcarrier/2534241,2013,,,,,,,,,,,0,0,0,0.0,0.0,0.0,0.0,0.0,5,0.7142857142857143,0,0.0,0.0,,0.3125,39.5,39.5,39.5,
kylecarter/2556494,2017,,,,,,,,,,,0,0,0,0.0,0.0,0.0,0.0,0.0,3,1.0,0,0.0,0.0,,0.1875,108.0,108.0,106.5,
garrettcelek/2534820,2017,,,33.6,2.5846153846153848,,,24.0,1.8461538461538463,8.4,0.6461538461538462,0,0,0,0.0,66.0,4.125,66.0,61.8,16,1.0,13,0.8125,4.125,4.753846153846154,1.0,25.0,27.0,30.0,28.0
garrettcelek/2534820,2016,,,35.0,2.6923076923076925,,,18.0,1.3846153846153846,11.600000000000001,0.8923076923076925,0,0,0,0.0,64.60000000000001,4.0375000000000005,64.60000000000001,24.3,16,1.0,6,0.375,4.0375000000000005,4.05,1.0,25.0,25.0,27.0,27.0
garrettcelek/2534820,2015,,,18.6,1.86,,,18.0,1.8,7.6000000000000005,0.76,0,0,0,0.0,44.2,3.6833333333333336,44.2,26.1,11,0.9166666666666666,8,0.6666666666666666,4.0181818181818185,3.2625,0.6875,26.0,22.0,20.0,30.0
garrettcelek/2534820,2014,,,5.300000000000001,2.6500000000000004,,,0.0,0.0,0.8,0.4,0,0,0,0.0,6.1,2.033333333333333,6.1,0.0,3,1.0,1,0.3333333333333333,2.033333333333333,0.0,0.1875,40.0,30.0,30.0,46.0
garrettcelek/2534820,2013,,,3.8,1.2666666666666666,,,0.0,0.0,0.8,0.26666666666666666,0,0,0,0.0,4.6,0.2875,4.6,0.0,12,0.75,1,0.0625,0.3833333333333333,0.0,0.75,35.0,35.0,34.0,36.5
garrettcelek/2534820,2012,,,5.1000000000000005,1.2750000000000001,,,0.0,0.0,1.6,0.4,0,0,0,0.0,6.7,0.41875,6.7,0.0,13,0.8125,0,0.0,0.5153846153846154,,0.8125,24.0,24.0,24.0,
orsoncharles/2533047,2017,,,5.3,2.65,,,0.0,0.0,0.8,0.4,0,0,0,0.0,6.1,1.22,6.1,0.0,5,1.0,0,0.0,1.22,,0.3125,83.0,63.0,67.0,
orsoncharles/2533047,2016,,,,,,,,,,,0,0,0,0.0,0.0,0.0,0.0,0.0,2,0.5,0,0.0,0.0,,0.125,90.0,90.0,89.0,
orsoncharles/2533047,2013,,,0.8,0.8,,,0.0,0.0,0.4,0.4,0,0,0,0.0,1.2000000000000002,0.07500000000000001,1.2000000000000002,0.0,13,0.8125,0,0.0,0.09230769230769233,,0.8125,37.0,37.0,37.0,
orsoncharles/2533047,2012,,,10.100000000000001,1.2625000000000002,,,0.0,0.0,3.1999999999999997,0.39999999999999997,0,0,0,0.0,13.299999999999999,0.8312499999999999,13.299999999999999,3.8000000000000003,16,1.0,6,0.375,0.8312499999999999,0.6333333333333334,1.0,20.0,20.0,21.0,20.0
charlesclay/2495139,2017,,,55.800000000000004,4.292307692307693,,,12.0,0.9230769230769231,19.60000000000001,1.5076923076923083,0,0,2,0.125,89.4,5.5875,89.4,89.4,13,0.8125,13,0.8125,6.876923076923077,6.876923076923077,0.8125,18.0,18.0,12.0,15.0
charlesclay/2495139,2016,,,55.20000000000001,3.6800000000000006,,,24.0,1.6,22.8,1.52,0,0,0,0.0,102.0,6.375,102.0,102.0,15,0.9375,15,0.9375,6.8,6.8,0.9375,12.0,14.0,15.0,15.0
charlesclay/2495139,2015,,,52.80000000000001,4.061538461538462,,,18.0,1.3846153846153846,20.4,1.5692307692307692,0,0,2,0.13333333333333333,93.2,6.213333333333334,93.2,93.2,13,0.8666666666666667,13,0.8666666666666667,7.1692307692307695,7.1692307692307695,0.8125,13.0,14.0,13.0,15.0
charlesclay/2495139,2014,,,60.5,4.321428571428571,,,18.0,1.2857142857142858,23.200000000000003,1.6571428571428573,0,0,2,0.125,103.7,6.48125,103.7,103.7,14,0.875,14,0.875,7.4071428571428575,7.4071428571428575,0.875,7.0,7.0,7.0,11.0
charlesclay/2495139,2013,1.5,0.25,75.9,4.74375,6.0,1.0,36.0,2.25,27.600000000000005,1.7250000000000003,0,0,2,0.125,149.0,9.3125,149.0,141.9,16,1.0,15,0.9375,9.3125,9.46,1.0,3.0,3.0,5.0,4.0
charlesclay/2495139,2012,,,21.200000000000003,1.630769230769231,,,12.0,0.9230769230769231,7.2,0.5538461538461539,0,0,0,0.0,40.400000000000006,2.885714285714286,40.400000000000006,21.1,14,1.0,9,0.6428571428571429,2.885714285714286,2.3444444444444446,0.875,14.0,14.0,14.0,14.0
charlesclay/2495139,2011,,,23.300000000000004,1.7923076923076926,,,18.0,1.3846153846153846,6.400000000000002,0.49230769230769245,0,0,0,0.0,47.7,2.98125,47.7,31.400000000000002,14,0.875,9,0.5625,3.4071428571428575,3.488888888888889,0.875,11.0,11.0,11.0,10.0
jaredcook/71265,2017,,,68.80000000000001,4.300000000000001,,,12.0,0.75,21.599999999999998,1.3499999999999999,0,0,4,0.25,106.4,6.65,106.4,106.4,16,1.0,16,1.0,6.65,6.65,1.0,10.0,11.0,13.0,16.0
jaredcook/71265,2016,,,37.7,3.7700000000000005,,,6.0,0.6,12.000000000000002,1.2000000000000002,0,0,2,0.125,57.7,3.60625,57.7,31.7,10,0.625,5,0.3125,5.7700000000000005,6.34,0.625,27.0,27.0,18.0,18.0
jaredcook/71265,2015,,,48.099999999999994,3.0062499999999996,,,0.0,0.0,15.6,0.975,0,0,0,0.0,63.699999999999996,3.9812499999999997,63.699999999999996,43.7,16,1.0,12,0.75,3.9812499999999997,3.641666666666667,1.0,17.0,19.0,22.0,27.0
jaredcook/71265,2014,0.0,0.0,63.40000000000001,3.962500000000001,0.0,0.0,18.0,1.125,20.8,1.3,0,0,0,0.0,102.20000000000002,6.387500000000001,102.20000000000002,50.6,16,1.0,6,0.375,6.387500000000001,8.433333333333334,1.0,8.0,8.0,10.0,9.0
jaredcook/71265,2013,,,67.1,4.19375,,,30.0,1.875,20.4,1.275,0,0,2,0.125,119.49999999999997,7.468749999999998,119.49999999999997,103.19999999999999,16,1.0,13,0.8125,7.468749999999998,7.938461538461538,1.0,5.0,6.0,10.0,10.0
jaredcook/71265,2012,,,52.30000000000001,4.023076923076924,,,24.0,1.8461538461538463,17.600000000000005,1.3538461538461541,0,0,0,0.0,93.9,7.223076923076923,93.9,34.9,13,1.0,5,0.38461538461538464,7.223076923076923,6.9799999999999995,0.8125,9.0,6.0,6.0,6.0
jaredcook/71265,2011,,,75.9,4.74375,,,18.0,1.125,19.6,1.225,0,0,7,0.4375,120.5,7.53125,120.5,45.1,16,1.0,5,0.3125,7.53125,9.02,1.0,4.0,4.0,5.0,4.0
jaredcook/71265,2010,,,36.1,3.2818181818181817,,,6.0,0.5454545454545454,11.600000000000001,1.0545454545454547,0,0,0,0.0,53.7,3.35625,53.7,5.4,16,1.0,1,0.0625,3.35625,5.4,1.0,8.0,8.0,9.0,8.0
jaredcook/71265,2009,,,7.400000000000001,0.9250000000000002,,,0.0,0.0,3.5999999999999996,0.44999999999999996,0,0,0,0.0,11.0,0.6875,11.0,0.0,14,0.875,0,0.0,0.7857142857142857,,0.875,7.0,7.0,7.0,
alancross/2556508,2017,,,5.800000000000001,1.1600000000000001,,,0.0,0.0,2.0,0.4,0,0,0,0.0,7.800000000000001,0.9750000000000001,7.800000000000001,5.300000000000001,8,1.0,4,0.5,0.9750000000000001,1.3250000000000002,0.5,77.0,68.0,70.0,60.0
alancross/2556508,2016,,,3.8000000000000003,0.4222222222222223,,,6.0,0.6666666666666666,2.4,0.26666666666666666,0,0,0,0.0,12.2,0.8714285714285713,12.2,0.0,14,1.0,0,0.0,0.8714285714285713,,0.875,57.0,60.0,63.0,
seanculkin/2559161,2017,,,,,,,,,,,0,0,0,0.0,0.0,0.0,0.0,0.0,1,0.0625,0,0.0,0.0,,0.0625,108.0,108.0,106.5,
jeromecunningham/2551359,2015,,,5.9,0.9833333333333334,,,0.0,0.0,3.2,0.5333333333333333,0,0,0,0.0,9.1,0.7,9.1,2.6,9,0.6923076923076923,3,0.23076923076923078,1.011111111111111,0.8666666666666667,0.5625,52.0,55.0,54.0,50.0
jeromecunningham/2551359,2014,,,,,,,,,,,0,0,0,0.0,0.0,0.0,0.0,0.0,0,0.0,0,0.0,,,0.0,50.0,50.0,,
darrelldaniels/2558886,2017,,,2.6,0.43333333333333335,,,0.0,0.0,1.2000000000000002,0.20000000000000004,0,0,0,0.0,3.8000000000000003,0.23750000000000002,3.8000000000000003,0.0,12,0.75,3,0.1875,0.3166666666666667,0.0,0.75,87.0,90.0,90.0,84.0
vernondavis/2495826,2017,,,64.80000000000001,4.050000000000001,,,18.0,1.125,17.200000000000003,1.0750000000000002,0,0,0,0.0,100.0,6.25,100.0,100.0,16,1.0,16,1.0,6.25,6.25,1.0,13.0,15.0,17.0,19.0
vernondavis/2495826,2016,,,58.3,3.8866666666666663,,,12.0,0.8,17.599999999999998,1.1733333333333331,0,0,0,0.0,87.9,5.49375,87.9,84.30000000000001,16,1.0,14,0.875,5.49375,6.021428571428572,1.0,16.0,18.0,19.0,19.0
vernondavis/2495826,2015,,,39.5,3.0384615384615383,,,0.0,0.0,15.200000000000005,1.1692307692307695,0,0,0,0.0,54.699999999999996,3.217647058823529,54.699999999999996,51.1,15,0.8823529411764706,9,0.5294117647058824,3.6466666666666665,5.677777777777778,0.9375,22.0,24.0,24.0,20.0
vernondavis/2495826,2014,0.4,0.4,24.500000000000004,1.8846153846153848,0.0,0.0,12.0,0.9230769230769231,10.400000000000004,0.8000000000000003,0,0,0,0.0,47.300000000000004,2.9562500000000003,47.300000000000004,47.300000000000004,14,0.875,14,0.875,3.378571428571429,3.378571428571429,0.875,20.0,23.0,22.0,19.0
vernondavis/2495826,2013,,,85.00000000000001,5.666666666666668,,,78.0,5.2,20.8,1.3866666666666667,0,0,5,0.3125,188.8,11.8,188.8,188.8,15,0.9375,15,0.9375,12.586666666666668,12.586666666666668,0.9375,2.0,2.0,3.0,3.0
vernondavis/2495826,2012,,,54.800000000000004,3.6533333333333338,,,30.0,2.0,16.4,1.0933333333333333,0,0,2,0.125,103.2,6.45,103.2,103.2,16,1.0,16,1.0,6.45,6.45,1.0,6.0,7.0,7.0,7.0
vernondavis/2495826,2011,-0.5,-0.25,79.2,4.95,0.0,0.0,36.0,2.25,26.8,1.675,0,0,4,0.25,145.5,9.09375,145.5,145.5,16,1.0,16,1.0,9.09375,9.09375,1.0,3.0,3.0,3.0,3.0
vernondavis/2495826,2010,,,91.4,5.7125,,,42.0,2.625,22.4,1.4,0,0,4,0.25,159.8,9.9875,159.8,159.8,16,1.0,16,1.0,9.9875,9.9875,1.0,1.0,1.0,1.0,1.0
vernondavis/2495826,2009,,,96.50000000000003,6.031250000000002,,,78.0,4.875,31.199999999999996,1.9499999999999997,0,0,6,0.375,211.70000000000002,13.231250000000001,211.70000000000002,211.70000000000002,16,1.0,16,1.0,13.231250000000001,13.231250000000001,1.0,1.0,1.0,1.0,1.0
vernondavis/2495826,2008,1.1,1.1,35.800000000000004,2.386666666666667,0.0,0.0,12.0,0.8,12.400000000000002,0.8266666666666668,0,0,0,0.0,61.30000000000001,3.8312500000000007,61.30000000000001,61.30000000000001,16,1.0,16,1.0,3.8312500000000007,3.8312500000000007,1.0,3.0,3.0,3.0,3.0
vernondavis/2495826,2007,,,50.900000000000006,3.635714285714286,,,24.0,1.7142857142857142,20.800000000000004,1.485714285714286,0,0,0,0.0,95.69999999999999,5.981249999999999,95.69999999999999,95.69999999999999,14,0.875,14,0.875,6.8357142857142845,6.8357142857142845,0.875,1.0,1.0,2.0,2.0
vernondavis/2495826,2006,0.5,0.25,26.5,2.9444444444444446,0.0,0.0,18.0,2.0,8.0,0.8888888888888888,0,0,0,0.0,52.99999999999999,3.3124999999999996,52.99999999999999,52.99999999999999,10,0.625,8,0.5,5.299999999999999,6.624999999999999,0.625,2.0,2.0,2.0,2.0
sethdevalve/2556365,2017,,,39.50000000000001,2.4687500000000004,,,6.0,0.375,13.200000000000003,0.8250000000000002,0,0,0,0.0,58.7,3.66875,58.7,17.600000000000005,16,1.0,4,0.25,3.66875,4.400000000000001,1.0,27.0,30.0,35.0,32.0
sethdevalve/2556365,2016,,,12.7,1.5875,,,12.0,1.5,4.0,0.5,0,0,0,0.0,28.700000000000003,1.7937500000000002,28.700000000000003,2.4,12,0.75,2,0.125,2.391666666666667,1.2,0.75,38.0,40.0,40.0,56.0
a.j.derby/2552580,2017,,,24.400000000000002,2.2181818181818183,,,12.0,1.0909090909090908,8.4,0.7636363636363637,0,0,0,0.0,44.8,3.1999999999999997,44.8,0.9,11,0.7857142857142857,1,0.07142857142857142,4.072727272727272,0.9,0.6875,34.0,35.0,32.0,66.0
a.j.derby/2552580,2016,,,16.0,2.6666666666666665,,,0.0,0.0,6.4,1.0666666666666667,0,0,0,0.0,22.4,1.4,22.4,8.4,10,0.625,3,0.1875,2.2399999999999998,2.8000000000000003,0.625,48.0,48.0,42.0,37.0
eddickson/497224,2017,,,43.699999999999996,3.121428571428571,,,6.0,0.42857142857142855,12.000000000000002,0.8571428571428573,0,0,5,0.3125,66.7,4.16875,66.7,66.7,16,1.0,12,0.75,4.16875,5.558333333333334,1.0,24.0,26.0,29.0,22.0
eddickson/497224,2016,,,13.4,1.1166666666666667,,,6.0,0.5,4.0,0.3333333333333333,0,0,0,0.0,23.4,1.4625,23.4,5.5,16,1.0,8,0.5,1.4625,0.6875,1.0,46.0,46.0,52.0,62.0
eddickson/497224,2015,,,12.1,1.0083333333333333,,,12.0,1.0,6.800000000000001,0.5666666666666668,0,0,0,0.0,30.900000000000006,1.9312500000000004,30.900000000000006,22.300000000000004,16,1.0,11,0.6875,1.9312500000000004,2.027272727272728,1.0,29.0,30.0,34.0,38.0
eddickson/497224,2014,,,11.5,0.9583333333333334,,,6.0,0.5,4.000000000000001,0.3333333333333334,0,0,0,0.0,21.5,1.34375,21.5,14.9,16,1.0,10,0.625,1.34375,1.49,1.0,30.0,32.0,32.0,35.0
eddickson/497224,2013,,,27.300000000000004,2.1000000000000005,,,6.0,0.46153846153846156,10.000000000000002,0.7692307692307694,0,0,0,0.0,43.300000000000004,2.7062500000000003,43.300000000000004,43.300000000000004,16,1.0,14,0.875,2.7062500000000003,3.092857142857143,1.0,18.0,19.0,20.0,19.0
eddickson/497224,2012,,,22.5,2.0454545454545454,,,0.0,0.0,8.4,0.7636363636363637,0,0,0,0.0,30.900000000000002,1.9312500000000001,30.900000000000002,25.2,13,0.8125,11,0.6875,2.376923076923077,2.290909090909091,0.8125,15.0,15.0,15.0,15.0
eddickson/497224,2011,,,52.800000000000004,3.3000000000000003,,,30.0,1.875,21.599999999999998,1.3499999999999999,0,0,0,0.0,104.40000000000002,6.525000000000001,104.40000000000002,104.40000000000002,16,1.0,16,1.0,6.525000000000001,6.525000000000001,1.0,6.0,6.0,6.0,7.0
eddickson/497224,2010,,,15.200000000000001,1.2666666666666668,,,6.0,0.5,4.4,0.3666666666666667,0,0,0,0.0,25.6,1.6,25.6,11.000000000000002,15,0.9375,3,0.1875,1.7066666666666668,3.6666666666666674,0.9375,12.0,12.0,12.0,12.0
jackdoyle/2540232,2017,,,69.0,4.6,,,24.0,1.6,32.0,2.1333333333333333,0,0,2,0.125,127.00000000000001,7.937500000000001,127.00000000000001,127.00000000000001,15,0.9375,15,0.9375,8.466666666666667,8.466666666666667,0.9375,7.0,7.0,5.0,9.0
jackdoyle/2540232,2016,,,58.400000000000006,3.6500000000000004,,,30.0,1.875,23.600000000000005,1.4750000000000003,0,0,0,0.0,111.99999999999999,6.999999999999999,111.99999999999999,95.79999999999998,16,1.0,14,0.875,6.999999999999999,6.842857142857142,1.0,9.0,11.0,14.0,14.0
jackdoyle/2540232,2015,,,7.2,1.0285714285714287,,,6.0,0.8571428571428571,4.800000000000001,0.6857142857142858,0,0,0,0.0,18.0,1.125,18.0,0.7000000000000001,16,1.0,2,0.125,1.125,0.35000000000000003,1.0,42.0,45.0,47.0,54.0
jackdoyle/2540232,2014,,,11.8,1.1800000000000002,,,12.0,1.2,7.200000000000001,0.7200000000000001,0,0,0,0.0,31.0,1.9375,31.0,9.7,16,1.0,1,0.0625,1.9375,9.7,1.0,29.0,31.0,31.0,6.0
jackdoyle/2540232,2013,,,1.9000000000000001,0.38,,,0.0,0.0,2.0,0.4,0,0,0,0.0,3.9000000000000004,0.24375000000000002,3.9000000000000004,1.2000000000000002,15,0.9375,4,0.25,0.26,0.30000000000000004,0.9375,36.0,36.0,36.0,34.0
thomasduarte/2555483,2017,,,,,,,,,,,0,0,0,0.0,0.0,0.0,0.0,0.0,0,0.0,0,0.0,,,0.0,108.0,108.0,,
thomasduarte/2555483,2016,,,,,,,,,,,0,0,0,0.0,0.0,0.0,0.0,0.0,1,0.1111111111111111,0,0.0,0.0,,0.0625,90.0,90.0,89.0,
ericebron/2543466,2017,,,57.399999999999984,3.587499999999999,,,24.0,1.5,21.199999999999996,1.3249999999999997,0,0,0,0.0,102.6,6.4125,102.6,48.9,16,1.0,9,0.5625,6.4125,5.433333333333334,1.0,11.0,12.0,14.0,23.0
ericebron/2543466,2016,0.1,0.1,71.10000000000001,5.46923076923077,6.0,6.0,6.0,0.46153846153846156,24.4,1.876923076923077,0,0,0,0.0,107.60000000000001,6.7250000000000005,107.60000000000001,107.60000000000001,13,0.8125,13,0.8125,8.276923076923078,8.276923076923078,0.8125,11.0,13.0,12.0,11.0
ericebron/2543466,2015,,,53.699999999999996,3.8357142857142854,,,30.0,2.142857142857143,18.8,1.342857142857143,0,0,0,0.0,102.50000000000001,6.406250000000001,102.50000000000001,74.7,14,0.875,8,0.5,7.321428571428572,9.3375,0.875,10.0,11.0,12.0,8.0
ericebron/2543466,2014,,,24.800000000000008,2.0666666666666673,,,6.0,0.5,10.000000000000002,0.8333333333333335,0,0,0,0.0,40.800000000000004,2.5500000000000003,40.800000000000004,20.5,13,0.8125,7,0.4375,3.138461538461539,2.9285714285714284,0.8125,24.0,26.0,24.0,24.0
tylereifert/2540148,2017,,,4.6000000000000005,2.3000000000000003,,,0.0,0.0,1.6,0.8,0,0,0,0.0,6.2,1.24,6.2,5.4,2,0.4,1,0.2,3.1,5.4,0.125,80.0,62.0,38.0,24.0
tylereifert/2540148,2016,,,39.4,4.925,,,30.0,3.75,11.600000000000001,1.4500000000000002,0,0,2,0.13333333333333333,83.0,5.533333333333333,83.0,6.2,8,0.5333333333333333,2,0.13333333333333333,10.375,3.1,0.5,17.0,17.0,4.0,32.0
tylereifert/2540148,2015,,,61.500000000000014,4.730769230769232,,,78.0,6.0,20.8,1.6,0,0,2,0.125,162.29999999999995,10.143749999999997,162.29999999999995,158.49999999999997,13,0.8125,12,0.75,12.484615384615381,13.20833333333333,0.8125,5.0,5.0,4.0,3.0
tylereifert/2540148,2014,,,3.7,3.7,,,0.0,0.0,1.2000000000000002,1.2000000000000002,0,0,0,0.0,4.9,4.9,4.9,4.9,1,1.0,1,1.0,4.9,4.9,0.0625,43.0,12.0,14.0,16.0
tylereifert/2540148,2013,,,44.5,2.966666666666667,,,12.0,0.8,15.6,1.04,0,0,0,0.0,72.1,4.50625,72.1,72.1,15,0.9375,15,0.9375,4.806666666666667,4.806666666666667,0.9375,12.0,13.0,15.0,14.0
alexellis/2556737,2016,,,1.1,0.3666666666666667,,,0.0,0.0,1.2000000000000002,0.4000000000000001,0,0,0,0.0,2.3,0.3833333333333333,2.3,0.5,6,1.0,3,0.5,0.3833333333333333,0.16666666666666666,0.375,75.0,70.0,75.0,67.0
rhettellison/2532835,2017,,,23.5,1.9583333333333333,,,12.0,1.0,9.6,0.7999999999999999,0,0,0,0.0,45.10000000000001,2.8187500000000005,45.10000000000001,40.900000000000006,16,1.0,14,0.875,2.8187500000000005,2.9214285714285717,1.0,33.0,40.0,42.0,39.0
rhettellison/2532835,2016,0.1,0.1,5.699999999999999,0.57,6.0,6.0,0.0,0.0,3.5999999999999996,0.36,0,0,0,0.0,15.4,0.9625,15.4,5.4,15,0.9375,6,0.375,1.0266666666666666,0.9,0.9375,54.0,58.0,60.0,57.5
rhettellison/2532835,2015,,,12.400000000000002,1.1272727272727274,,,6.0,0.5454545454545454,4.4,0.4,0,0,0,0.0,22.799999999999997,1.4249999999999998,22.799999999999997,9.3,15,0.9375,9,0.5625,1.5199999999999998,1.0333333333333334,0.9375,40.0,43.0,43.0,49.0
rhettellison/2532835,2014,,,20.8,1.4857142857142858,,,6.0,0.42857142857142855,7.6,0.5428571428571428,0,0,0,0.0,34.4,2.15,34.4,30.1,16,1.0,13,0.8125,2.15,2.3153846153846156,1.0,27.0,28.0,28.0,28.0
rhettellison/2532835,2013,,,6.1000000000000005,1.2200000000000002,,,6.0,1.2,2.0,0.4,0,0,0,0.0,14.100000000000001,0.8812500000000001,14.100000000000001,12.4,11,0.6875,6,0.375,1.281818181818182,2.066666666666667,0.6875,26.0,27.0,26.0,23.0
rhettellison/2532835,2012,,,6.5,0.9285714285714286,,,0.0,0.0,2.8,0.39999999999999997,0,0,0,0.0,9.299999999999999,0.5812499999999999,9.299999999999999,3.0,16,1.0,7,0.4375,0.5812499999999999,0.42857142857142855,1.0,22.0,23.0,23.0,22.0
evanengram/2557858,2017,1.4000000000000001,1.4000000000000001,72.2,4.8133333333333335,0.0,0.0,36.0,2.4,25.599999999999998,1.7066666666666666,0,0,0,0.0,135.2,8.45,135.2,95.9,15,0.9375,11,0.6875,9.013333333333332,8.718181818181819,0.9375,4.0,4.0,4.0,8.0
zachertz/2540158,2017,,,82.39999999999999,5.885714285714285,,,48.0,3.4285714285714284,29.600000000000005,2.1142857142857148,0,0,2,0.125,161.99999999999997,10.124999999999998,161.99999999999997,145.1,14,0.875,13,0.8125,11.57142857142857,11.161538461538461,0.875,3.0,3.0,3.0,4.0
zachertz/2540158,2016,,,81.60000000000001,5.828571428571429,,,24.0,1.7142857142857142,31.200000000000003,2.2285714285714286,0,0,4,0.25,140.8,8.8,140.8,90.2,14,0.875,12,0.75,10.057142857142859,7.516666666666667,0.875,6.0,8.0,8.0,13.0
zachertz/2540158,2015,,,85.30000000000001,5.686666666666667,,,12.0,0.8,30.0,2.0,0,0,7,0.4375,134.3,8.39375,134.3,51.60000000000001,15,0.9375,7,0.4375,8.953333333333335,7.371428571428573,0.9375,8.0,9.0,9.0,14.0
zachertz/2540158,2014,,,70.19999999999999,4.387499999999999,,,18.0,1.125,23.200000000000003,1.4500000000000002,0,0,2,0.125,113.4,7.0875,113.4,53.0,16,1.0,5,0.3125,7.0875,10.6,1.0,6.0,6.0,8.0,5.0
zachertz/2540158,2013,,,46.900000000000006,3.126666666666667,,,24.0,1.6,14.400000000000002,0.9600000000000002,0,0,0,0.0,85.3,5.33125,85.3,7.300000000000001,16,1.0,3,0.1875,5.33125,2.4333333333333336,1.0,11.0,11.0,14.0,20.0
gavinescobar/2540211,2017,,,,,,,,,,,0,0,0,0.0,0.0,0.0,0.0,0.0,2,1.0,0,0.0,0.0,,0.125,108.0,108.0,106.5,
gavinescobar/2540211,2016,,,3.0000000000000004,1.0000000000000002,,,6.0,2.0,1.6,0.5333333333333333,0,0,0,0.0,10.6,0.6625,10.6,0.0,16,1.0,1,0.0625,0.6625,0.0,1.0,59.0,65.0,66.0,71.5
gavinescobar/2540211,2015,,,6.4,0.9142857142857144,,,6.0,0.8571428571428571,3.1999999999999997,0.45714285714285713,0,0,0,0.0,15.599999999999998,1.114285714285714,15.599999999999998,5.2,14,1.0,4,0.2857142857142857,1.114285714285714,1.3,0.875,48.0,46.0,49.0,44.0
gavinescobar/2540211,2014,,,10.5,1.05,,,24.0,2.4,3.6,0.36,0,0,0,0.0,38.1,2.38125,38.1,0.0,16,1.0,1,0.0625,2.38125,0.0,1.0,26.0,27.0,27.0,46.0
gavinescobar/2540211,2013,,,13.399999999999999,1.4888888888888887,,,12.0,1.3333333333333333,3.5999999999999996,0.39999999999999997,0,0,0,0.0,29.0,1.8125,29.0,1.9,16,1.0,1,0.0625,1.8125,1.9,1.0,22.0,23.0,24.0,25.0
geraldeverett/2557889,2017,1.3,1.3,24.400000000000006,1.8769230769230774,0.0,0.0,12.0,0.9230769230769231,6.4,0.49230769230769234,0,0,0,0.0,44.099999999999994,2.7562499999999996,44.099999999999994,4.300000000000001,16,1.0,2,0.125,2.7562499999999996,2.1500000000000004,1.0,35.0,41.0,43.0,48.0
darrenfells/2540928,2017,,,17.7,1.3615384615384616,,,18.0,1.3846153846153846,6.800000000000002,0.5230769230769232,0,0,0,0.0,42.5,2.65625,42.5,41.2,16,1.0,13,0.8125,2.65625,3.1692307692307695,1.0,39.0,42.0,45.0,38.0
darrenfells/2540928,2016,,,15.400000000000002,1.7111111111111112,,,6.0,0.6666666666666666,5.600000000000001,0.6222222222222223,0,0,0,0.0,27.0,1.6875,27.0,10.0,14,0.875,7,0.4375,1.9285714285714286,1.4285714285714286,0.875,40.0,43.0,45.0,52.0
darrenfells/2540928,2015,,,31.100000000000005,2.8272727272727276,,,18.0,1.6363636363636365,8.400000000000002,0.7636363636363638,0,0,0,0.0,57.50000000000001,3.5937500000000004,57.50000000000001,54.900000000000006,14,0.875,12,0.75,4.107142857142858,4.575,0.875,20.0,23.0,19.0,24.0
darrenfells/2540928,2014,,,7.1000000000000005,1.4200000000000002,,,0.0,0.0,2.0,0.4,0,0,0,0.0,9.100000000000001,0.5687500000000001,9.100000000000001,9.100000000000001,10,0.625,5,0.3125,0.9100000000000001,1.8200000000000003,0.625,37.0,39.0,39.0,31.0
manassehgarner/2553801,2017,,,,,,,,,,,0,0,0,0.0,0.0,0.0,0.0,0.0,0,0.0,0,0.0,,,0.0,108.0,108.0,,
manassehgarner/2553801,2016,,,,,,,,,,,0,0,0,0.0,0.0,0.0,0.0,0.0,0,0.0,0,0.0,,,0.0,90.0,90.0,,
jimmygraham/497236,2017,,,51.99999999999999,3.2499999999999996,,,60.0,3.75,22.799999999999997,1.4249999999999998,0,0,0,0.0,134.79999999999998,8.424999999999999,134.79999999999998,124.50000000000001,16,1.0,13,0.8125,8.424999999999999,9.576923076923078,1.0,5.0,5.0,6.0,7.0
jimmygraham/497236,2016,0.0,0.0,92.29999999999998,5.768749999999999,0.0,0.0,36.0,2.25,25.999999999999996,1.6249999999999998,0,0,6,0.375,160.29999999999998,10.018749999999999,160.29999999999998,158.79999999999998,16,1.0,15,0.9375,10.018749999999999,10.586666666666666,1.0,4.0,4.0,9.0,4.0
jimmygraham/497236,2015,,,60.50000000000001,5.500000000000001,,,12.0,1.0909090909090908,19.200000000000003,1.7454545454545458,0,0,2,0.18181818181818182,93.69999999999999,8.518181818181818,93.69999999999999,93.69999999999999,11,1.0,11,1.0,8.518181818181818,8.518181818181818,0.6875,12.0,8.0,10.0,11.0
jimmygraham/497236,2014,,,88.9,5.926666666666667,,,60.0,4.0,34.0,2.2666666666666666,0,0,2,0.125,184.89999999999998,11.556249999999999,184.89999999999998,166.39999999999998,16,1.0,13,0.8125,11.556249999999999,12.799999999999999,1.0,2.0,2.0,2.0,2.0
jimmygraham/497236,2013,,,121.5,7.59375,,,96.0,6.0,34.400000000000006,2.1500000000000004,0,0,15,0.9375,266.90000000000003,16.681250000000002,266.90000000000003,210.50000000000003,16,1.0,12,0.75,16.681250000000002,17.541666666666668,1.0,1.0,1.0,1.0,1.0
jimmygraham/497236,2012,,,98.2,6.546666666666667,,,54.0,3.6,34.00000000000001,2.266666666666667,0,0,4,0.25,190.2,11.8875,190.2,92.60000000000001,15,0.9375,9,0.5625,12.68,10.28888888888889,0.9375,1.0,1.0,2.0,2.0
jimmygraham/497236,2011,,,131.00000000000003,8.187500000000002,,,66.0,4.125,39.6,2.475,0,0,8,0.5,244.60000000000002,15.287500000000001,244.60000000000002,180.9,16,1.0,11,0.6875,15.287500000000001,16.445454545454545,1.0,2.0,2.0,2.0,2.0
jimmygraham/497236,2010,0.30000000000000004,0.30000000000000004,35.6,3.2363636363636363,0.0,0.0,30.0,2.727272727272727,12.4,1.1272727272727272,0,0,0,0.0,78.3,4.89375,78.3,34.1,15,0.9375,5,0.3125,5.22,6.82,0.9375,7.0,7.0,7.0,6.0
marqueisgray/2540259,2017,1.4000000000000001,0.35000000000000003,1.0,0.3333333333333333,0.0,0.0,0.0,0.0,0.4,0.13333333333333333,0,0,0,0.0,2.8000000000000003,0.17500000000000002,2.8000000000000003,0.0,16,1.0,0,0.0,0.17500000000000002,,1.0,91.0,93.0,94.0,
marqueisgray/2540259,2016,,,17.400000000000002,2.1750000000000003,,,0.0,0.0,5.6000000000000005,0.7000000000000001,0,0,0,0.0,23.0,1.4375,23.0,19.5,16,1.0,7,0.4375,1.4375,2.7857142857142856,1.0,47.0,47.0,53.0,38.0
marqueisgray/2540259,2015,,,0.2,0.2,,,0.0,0.0,0.4,0.4,0,0,0,0.0,0.6000000000000001,0.15000000000000002,0.6000000000000001,0.0,4,1.0,0,0.0,0.15000000000000002,,0.25,63.0,59.0,61.0,
marqueisgray/2540259,2014,,,13.4,2.2333333333333334,,,0.0,0.0,3.6000000000000005,0.6000000000000001,0,0,0,0.0,17.0,1.0625,17.0,15.0,13,0.8125,5,0.3125,1.3076923076923077,3.0,0.8125,33.0,36.0,33.0,22.5
marqueisgray/2540259,2013,4.3,0.86,0.8,0.16,0.0,0.0,0.0,0.0,0.8,0.16,0,0,0,0.0,5.9,0.36875,5.9,0.4,12,0.75,2,0.125,0.4916666666666667,0.2,0.75,33.0,33.0,32.0,35.0
virgilgreen/2495288,2017,,,19.1,1.7363636363636366,,,6.0,0.5454545454545454,5.600000000000001,0.5090909090909093,0,0,0,0.0,30.700000000000003,1.9187500000000002,30.700000000000003,30.700000000000003,16,1.0,16,1.0,1.9187500000000002,1.9187500000000002,1.0,46.0,48.0,53.0,50.0
virgilgreen/2495288,2016,,,23.7,2.37,,,6.0,0.6,8.8,0.8800000000000001,0,0,0,0.0,38.5,2.40625,38.5,32.7,12,0.75,11,0.6875,3.2083333333333335,2.972727272727273,0.75,34.0,35.0,31.0,35.0
virgilgreen/2495288,2015,,,17.3,1.5727272727272728,,,6.0,0.5454545454545454,4.800000000000001,0.43636363636363645,0,0,0,0.0,28.1,1.75625,28.1,18.2,16,1.0,5,0.3125,1.75625,3.6399999999999997,1.0,33.0,35.0,40.0,28.0
virgilgreen/2495288,2014,0.30000000000000004,0.15000000000000002,7.4,1.85,0.0,0.0,6.0,1.5,2.4000000000000004,0.6000000000000001,0,0,0,0.0,16.1,1.00625,16.1,15.8,13,0.8125,9,0.5625,1.2384615384615385,1.7555555555555555,0.8125,34.0,37.0,35.0,32.0
virgilgreen/2495288,2013,,,4.5,0.5,,,0.0,0.0,3.5999999999999996,0.39999999999999997,0,0,0,0.0,8.1,0.50625,8.1,1.3000000000000003,16,1.0,3,0.1875,0.50625,0.4333333333333334,1.0,31.0,31.0,31.0,32.0
virgilgreen/2495288,2012,,,6.300000000000001,2.1,,,0.0,0.0,2.0,0.6666666666666666,0,0,0,0.0,8.3,0.6916666666666668,8.3,0.0,12,1.0,2,0.16666666666666666,0.6916666666666668,0.0,0.75,23.0,22.0,22.0,23.0
virgilgreen/2495288,2011,,,2.4,0.6,,,0.0,0.0,1.2000000000000002,0.30000000000000004,0,0,0,0.0,3.6000000000000005,0.22500000000000003,3.6000000000000005,0.0,15,0.9375,3,0.1875,0.24000000000000005,0.0,0.9375,20.0,20.0,21.0,20.0
jermainegresham/497238,2017,,,32.2,2.3000000000000003,,,12.0,0.8571428571428571,13.200000000000003,0.9428571428571431,0,0,0,0.0,57.4,3.5875,57.4,57.4,14,0.875,14,0.875,4.1,4.1,0.875,28.0,31.0,31.0,35.0
jermainegresham/497238,2016,,,39.1,2.44375,,,12.0,0.75,14.8,0.925,0,0,0,0.0,65.9,4.11875,65.9,65.9,16,1.0,14,0.875,4.11875,4.707142857142857,1.0,23.0,23.0,25.0,24.0
jermainegresham/497238,2015,,,22.3,1.7153846153846155,,,6.0,0.46153846153846156,7.200000000000001,0.5538461538461539,0,0,0,0.0,35.5,2.21875,35.5,34.4,15,0.9375,12,0.75,2.3666666666666667,2.8666666666666667,0.9375,27.0,27.0,29.0,33.0
jermainegresham/497238,2014,,,46.0,3.066666666666667,,,30.0,2.0,24.800000000000004,1.6533333333333335,0,0,0,0.0,100.8,6.3,100.8,100.8,15,0.9375,15,0.9375,6.72,6.72,0.9375,9.0,9.0,9.0,12.0
jermainegresham/497238,2013,,,45.8,3.2714285714285714,,,24.0,1.7142857142857142,18.400000000000002,1.3142857142857145,0,0,0,0.0,88.2,5.5125,88.2,88.2,14,0.875,14,0.875,6.3,6.3,0.875,10.0,10.0,13.0,13.0
jermainegresham/497238,2012,,,73.69999999999999,4.606249999999999,,,30.0,1.875,25.600000000000005,1.6000000000000003,0,0,2,0.125,131.3,8.20625,131.3,128.2,16,1.0,15,0.9375,8.20625,8.546666666666665,1.0,4.0,4.0,4.0,4.0
jermainegresham/497238,2011,,,59.600000000000016,4.257142857142858,,,36.0,2.5714285714285716,22.4,1.5999999999999999,0,0,0,0.0,118.00000000000001,7.375000000000001,118.00000000000001,108.10000000000001,14,0.875,13,0.8125,8.428571428571429,8.315384615384616,0.875,5.0,5.0,4.0,5.0
jermainegresham/497238,2010,,,47.1,3.14,,,24.0,1.6,20.800000000000004,1.386666666666667,0,0,0,0.0,91.9,5.74375,91.9,58.300000000000004,15,0.9375,10,0.625,6.126666666666667,5.83,0.9375,5.0,5.0,5.0,7.0
garrettgriffin/2557033,2017,,,0.4,0.4,,,0.0,0.0,0.4,0.4,0,0,0,0.0,0.8,0.16,0.8,0.0,3,0.6,0,0.0,0.26666666666666666,,0.1875,94.0,94.0,91.0,
ryangriffin/2541316,2017,,,15.8,2.6333333333333333,,,6.0,1.0,5.2,0.8666666666666667,0,0,0,0.0,27.0,3.375,27.0,27.0,7,0.875,6,0.75,3.857142857142857,4.5,0.4375,50.0,33.0,34.0,30.0
ryangriffin/2541316,2016,,,44.2,2.7625,,,12.0,0.75,20.0,1.25,0,0,0,0.0,76.2,4.7625,76.2,27.400000000000002,16,1.0,5,0.3125,4.7625,5.48,1.0,19.0,20.0,21.0,20.0
ryangriffin/2541316,2015,,,25.1,2.788888888888889,,,12.0,1.3333333333333333,8.0,0.8888888888888888,0,0,0,0.0,45.099999999999994,5.01111111111111,45.099999999999994,12.600000000000001,9,1.0,4,0.4444444444444444,5.01111111111111,3.1500000000000004,0.5625,25.0,16.0,17.0,32.0
ryangriffin/2541316,2014,,,9.100000000000001,1.1375000000000002,,,6.0,0.75,4.000000000000001,0.5000000000000001,0,0,0,0.0,19.1,1.19375,19.1,3.1000000000000005,16,1.0,2,0.125,1.19375,1.5500000000000003,1.0,31.0,34.0,36.0,33.0
ryangriffin/2541316,2013,,,24.4,3.05,,,6.0,0.75,7.6000000000000005,0.9500000000000001,0,0,0,0.0,38.00000000000001,2.3750000000000004,38.00000000000001,35.400000000000006,15,0.9375,8,0.5,2.5333333333333337,4.425000000000001,0.9375,21.0,22.0,22.0,15.0
xaviergrimble/2550521,2017,,,3.2,0.5333333333333333,,,6.0,1.0,2.0,0.3333333333333333,0,0,0,0.0,11.200000000000001,0.7000000000000001,11.200000000000001,0.0,15,0.9375,2,0.125,0.7466666666666667,0.0,0.9375,70.0,77.0,76.0,84.0
xaviergrimble/2550521,2016,,,11.8,1.475,,,12.0,1.5,4.4,0.55,0,0,0,0.0,28.199999999999996,1.7624999999999997,28.199999999999996,1.4,13,0.8125,2,0.125,2.169230769230769,0.7,0.8125,39.0,42.0,43.0,61.0
robgronkowski/497240,2017,,,108.40000000000002,8.33846153846154,,,48.0,3.6923076923076925,27.600000000000005,2.1230769230769235,0,0,9,0.6,193.00000000000003,12.866666666666669,193.00000000000003,193.00000000000003,14,0.9333333333333333,14,0.9333333333333333,13.785714285714288,13.785714285714288,0.875,2.0,1.0,1.0,2.0
robgronkowski/497240,2016,,,54.0,6.75,,,18.0,2.25,10.0,1.25,0,0,9,0.8181818181818182,90.99999999999999,8.272727272727272,90.99999999999999,89.49999999999999,8,0.7272727272727273,6,0.5454545454545454,11.374999999999998,14.916666666666664,0.5,14.0,9.0,2.0,1.0
robgronkowski/497240,2015,,,117.60000000000001,7.840000000000001,,,66.0,4.4,28.800000000000008,1.9200000000000006,0,0,10,0.625,222.40000000000003,13.900000000000002,222.40000000000003,222.40000000000003,15,0.9375,15,0.9375,14.82666666666667,14.82666666666667,0.9375,1.0,1.0,1.0,1.0
robgronkowski/497240,2014,,,112.4,7.493333333333334,,,72.0,4.8,32.800000000000004,2.186666666666667,0,0,6,0.375,223.20000000000002,13.950000000000001,223.20000000000002,139.10000000000002,15,0.9375,10,0.625,14.88,13.910000000000002,0.9375,1.0,1.0,1.0,1.0
robgronkowski/497240,2013,,,59.20000000000001,8.457142857142859,,,24.0,3.4285714285714284,15.600000000000001,2.2285714285714286,0,0,6,0.46153846153846156,104.80000000000001,8.061538461538463,104.80000000000001,101.30000000000001,7,0.5384615384615384,6,0.46153846153846156,14.971428571428573,16.883333333333336,0.4375,8.0,5.0,2.0,2.0
robgronkowski/497240,2012,,,79.00000000000001,7.181818181818183,,,66.0,6.0,22.000000000000004,2.0000000000000004,0,0,6,0.375,173.0,10.8125,173.0,173.0,11,0.6875,11,0.6875,15.727272727272727,15.727272727272727,0.6875,2.0,2.0,1.0,1.0
robgronkowski/497240,2011,0.2,0.2,132.70000000000002,8.293750000000001,6.0,6.0,102.0,6.375,36.00000000000001,2.2500000000000004,0,0,13,0.8125,289.90000000000003,18.118750000000002,289.90000000000003,289.90000000000003,16,1.0,16,1.0,18.118750000000002,18.118750000000002,1.0,1.0,1.0,1.0,1.0
robgronkowski/497240,2010,,,54.6,3.4125,,,60.0,3.75,16.8,1.05,0,0,2,0.125,133.4,8.3375,133.4,105.30000000000001,16,1.0,11,0.6875,8.3375,9.572727272727274,1.0,3.0,3.0,3.0,3.0
je'ronhamm/2550350,2016,,,1.3,1.3,,,0.0,0.0,0.8,0.8,0,0,0,0.0,2.1,0.16153846153846155,2.1,0.0,5,0.38461538461538464,0,0.0,0.42000000000000004,,0.3125,76.5,79.0,74.0,
je'ronhamm/2550350,2015,,,,,,,,,,,0,0,0,0.0,0.0,0.0,0.0,0.0,1,0.16666666666666666,0,0.0,0.0,,0.0625,68.5,68.5,67.0,
demetriusharris/2541187,2017,,,22.4,1.723076923076923,,,6.0,0.46153846153846156,7.2,0.5538461538461539,0,0,0,0.0,35.6,2.225,35.6,19.200000000000003,16,1.0,7,0.4375,2.225,2.7428571428571433,1.0,40.0,43.0,46.0,43.0
demetriusharris/2541187,2016,,,12.3,0.9461538461538462,,,6.0,0.46153846153846156,6.800000000000001,0.5230769230769231,0,0,0,0.0,25.1,1.56875,25.1,17.4,16,1.0,11,0.6875,1.56875,1.5818181818181818,1.0,43.0,44.0,48.0,50.0
demetriusharris/2541187,2015,,,7.3999999999999995,1.0571428571428572,,,6.0,0.8571428571428571,2.8000000000000003,0.4,0,0,0,0.0,16.200000000000003,1.0125000000000002,16.200000000000003,5.7,16,1.0,9,0.5625,1.0125000000000002,0.6333333333333333,1.0,46.0,51.0,53.0,51.0
demetriusharris/2541187,2014,,,2.0,0.4,,,0.0,0.0,1.2000000000000002,0.24000000000000005,0,0,0,0.0,3.2,0.35555555555555557,3.2,0.8,8,0.8888888888888888,3,0.3333333333333333,0.4,0.26666666666666666,0.5,46.0,45.0,46.0,43.0
temarrickhemingway/2555486,2016,,,,,,,,,,,0,0,0,0.0,0.0,0.0,0.0,0.0,8,0.5,0,0.0,0.0,,0.5,90.0,90.0,89.0,
hunterhenry/2555341,2017,,,57.900000000000006,4.453846153846154,,,24.0,1.8461538461538463,18.000000000000004,1.3846153846153848,0,0,0,0.0,99.9,7.135714285714286,99.9,99.9,14,1.0,13,0.9285714285714286,7.135714285714286,7.684615384615385,0.875,14.0,10.0,11.0,14.0
hunterhenry/2555341,2016,,,47.8,3.6769230769230767,,,48.0,3.6923076923076925,14.400000000000004,1.107692307692308,0,0,0,0.0,110.20000000000002,6.887500000000001,110.20000000000002,83.2,15,0.9375,10,0.625,7.346666666666668,8.32,0.9375,10.0,12.0,13.0,10.0
jeffheuerman/2552399,2017,,,14.200000000000001,1.4200000000000002,,,12.0,1.2,3.5999999999999996,0.36,0,0,0,0.0,29.8,1.8625,29.8,3.5999999999999996,14,0.875,6,0.375,2.1285714285714286,0.6,0.875,49.0,52.0,49.0,73.0
jeffheuerman/2552399,2016,,,14.1,2.35,,,0.0,0.0,3.6000000000000005,0.6000000000000001,0,0,0,0.0,17.700000000000003,1.1062500000000002,17.700000000000003,7.300000000000001,12,0.75,2,0.125,1.4750000000000003,3.6500000000000004,0.75,51.0,54.0,51.0,29.0
tylerhigbee/2555364,2017,,,29.500000000000004,2.107142857142857,,,6.0,0.42857142857142855,10.000000000000004,0.7142857142857145,0,0,0,0.0,45.5,2.84375,45.5,45.5,16,1.0,16,1.0,2.84375,2.84375,1.0,31.0,38.0,40.0,41.0
tylerhigbee/2555364,2016,,,8.5,0.7727272727272727,,,6.0,0.5454545454545454,4.3999999999999995,0.39999999999999997,0,0,0,0.0,18.9,1.18125,18.9,12.6,16,1.0,7,0.4375,1.18125,1.8,1.0,50.0,51.0,56.0,46.0
colehikutini/2558953,2017,,,1.5,0.75,,,0.0,0.0,0.8,0.4,0,0,0,0.0,2.3,0.575,2.3,0.0,4,1.0,0,0.0,0.575,,0.25,93.0,81.0,82.0,
joshhill/2541834,2017,-0.8,-0.8,12.500000000000002,1.2500000000000002,0.0,0.0,6.0,0.6,6.4,0.64,0,0,0,0.0,24.1,1.50625,24.1,17.6,16,1.0,11,0.6875,1.50625,1.6,1.0,53.0,55.0,62.0,56.0
joshhill/2541834,2016,,,14.900000000000002,1.8625000000000003,,,6.0,0.75,6.000000000000001,0.7500000000000001,0,0,0,0.0,26.9,2.2416666666666667,26.9,17.099999999999998,9,0.75,8,0.6666666666666666,2.988888888888889,2.1374999999999997,0.5625,41.0,37.0,35.0,45.0
joshhill/2541834,2015,,,11.999999999999998,0.9230769230769229,,,12.0,0.9230769230769231,6.4,0.49230769230769234,0,0,0,0.0,30.4,1.9,30.4,17.4,16,1.0,7,0.4375,1.9,2.4857142857142853,1.0,30.0,31.0,35.0,35.0
joshhill/2541834,2014,,,17.6,1.4666666666666668,,,30.0,2.5,5.6000000000000005,0.46666666666666673,0,0,0,0.0,53.2,3.325,53.2,1.2000000000000002,16,1.0,3,0.1875,3.325,0.4000000000000001,1.0,17.0,19.0,23.0,42.0
joshhill/2541834,2013,-0.8,-0.8,4.4,0.7333333333333334,0.0,0.0,6.0,1.0,2.4,0.39999999999999997,0,0,0,0.0,12.0,0.75,12.0,5.9,14,0.875,3,0.1875,0.8571428571428571,1.9666666666666668,0.875,27.0,28.0,28.0,24.0
jacobhollister/2558956,2017,0.5,0.5,4.2,0.4666666666666667,0.0,0.0,0.0,0.0,1.6,0.17777777777777778,0,0,0,0.0,6.300000000000001,0.39375000000000004,6.300000000000001,0.9,15,0.9375,1,0.0625,0.42000000000000004,0.9,0.9375,78.0,83.0,83.0,66.0
gabeholmes/2553658,2017,,,0.0,0.0,,,0.0,0.0,0.0,0.0,0,0,0,0.0,0.0,0.0,0.0,0.0,2,0.6666666666666666,0,0.0,0.0,,0.125,108.0,108.0,106.5,
gabeholmes/2553658,2015,,,,,,,,,,,0,0,0,0.0,0.0,0.0,0.0,0.0,0,0.0,0,0.0,,,0.0,68.5,68.5,,
michaelhoomanawanui/497246,2017,,,5.200000000000001,0.742857142857143,,,6.0,0.8571428571428571,2.4,0.34285714285714286,0,0,0,0.0,13.600000000000001,0.8500000000000001,13.600000000000001,3.7,14,0.875,10,0.625,0.9714285714285715,0.37,0.875,65.0,71.0,71.0,75.0
michaelhoomanawanui/497246,2015,0.0,0.0,7.6000000000000005,0.8444444444444446,0.0,0.0,18.0,2.0,4.3999999999999995,0.4888888888888888,0,0,0,0.0,30.000000000000004,1.8750000000000002,30.000000000000004,9.600000000000001,14,0.875,8,0.5,2.1428571428571432,1.2000000000000002,0.875,31.0,32.0,31.0,47.0
michaelhoomanawanui/497246,2014,,,4.4,0.8800000000000001,,,0.0,0.0,1.2000000000000002,0.24000000000000005,0,0,0,0.0,5.6,0.35,5.6,2.9,16,1.0,12,0.75,0.35,0.24166666666666667,1.0,41.0,46.0,47.0,44.0
michaelhoomanawanui/497246,2013,,,13.6,1.3599999999999999,,,6.0,0.6,4.800000000000001,0.4800000000000001,0,0,0,0.0,24.400000000000002,1.5250000000000001,24.400000000000002,12.8,13,0.8125,10,0.625,1.8769230769230771,1.28,0.8125,23.0,24.0,23.0,27.0
michaelhoomanawanui/497246,2012,,,10.900000000000002,1.816666666666667,,,0.0,0.0,2.0,0.3333333333333333,0,0,0,0.0,12.900000000000002,0.8062500000000001,12.900000000000002,10.700000000000001,14,0.875,6,0.375,0.9214285714285716,1.7833333333333334,0.875,21.0,21.0,19.0,17.0
michaelhoomanawanui/497246,2011,,,8.3,1.3833333333333335,,,0.0,0.0,2.8,0.4666666666666666,0,0,0,0.0,11.100000000000001,1.2333333333333334,11.100000000000001,11.100000000000001,8,0.8888888888888888,8,0.8888888888888888,1.3875000000000002,1.3875000000000002,0.5,18.0,16.0,15.0,16.0
michaelhoomanawanui/497246,2010,,,14.6,2.085714285714286,,,18.0,2.5714285714285716,5.200000000000001,0.742857142857143,0,0,0,0.0,37.800000000000004,2.3625000000000003,37.800000000000004,24.900000000000002,8,0.5,3,0.1875,4.7250000000000005,8.3,0.5,10.0,10.0,8.0,4.0
austinhooper/2555415,2017,,,52.599999999999994,3.2874999999999996,,,18.0,1.125,19.6,1.225,0,0,2,0.125,92.19999999999999,5.762499999999999,92.19999999999999,66.8,16,1.0,8,0.5,5.762499999999999,8.35,1.0,16.0,17.0,19.0,10.0
austinhooper/2555415,2016,,,27.1,2.463636363636364,,,18.0,1.6363636363636365,7.600000000000001,0.690909090909091,0,0,0,0.0,52.7,3.29375,52.7,7.000000000000001,14,0.875,3,0.1875,3.7642857142857147,2.3333333333333335,0.875,29.0,29.0,29.0,43.0
o.j.howard/2557856,2017,,,43.2,3.3230769230769233,,,36.0,2.769230769230769,10.4,0.8,0,0,0,0.0,89.60000000000001,6.4,89.60000000000001,89.60000000000001,14,1.0,14,1.0,6.4,6.4,0.875,17.0,13.0,15.0,18.0
jessejames/2552633,2017,,,37.2,2.6571428571428575,,,18.0,1.2857142857142858,17.2,1.2285714285714284,0,0,0,0.0,72.4,4.525,72.4,67.2,16,1.0,14,0.875,4.525,4.8,1.0,22.0,23.0,25.0,27.0
jessejames/2552633,2016,,,33.800000000000004,2.1125000000000003,,,18.0,1.125,15.600000000000001,0.9750000000000001,0,0,0,0.0,67.4,4.2125,67.4,64.1,16,1.0,13,0.8125,4.2125,4.93076923076923,1.0,21.0,21.0,24.0,22.0
jessejames/2552633,2015,,,5.6,1.1199999999999999,,,6.0,1.2,3.2,0.64,0,0,0,0.0,14.799999999999997,0.9249999999999998,14.799999999999997,4.800000000000001,8,0.5,2,0.125,1.8499999999999996,2.4000000000000004,0.5,49.0,53.0,36.0,36.0
blakejarwin/2559193,2017,,,,,,,,,,,0,0,0,0.0,0.0,0.0,0.0,0.0,1,0.1,0,0.0,0.0,,0.0625,108.0,108.0,106.5,
traviskelce/2540258,2017,0.7000000000000001,0.35000000000000003,103.80000000000001,6.920000000000001,0.0,0.0,48.0,3.2,33.2,2.2133333333333334,0,0,8,0.5,193.7,12.10625,193.7,193.7,15,0.9375,15,0.9375,12.913333333333332,12.913333333333332,0.9375,1.0,2.0,2.0,3.0
traviskelce/2540258,2016,-0.5,-0.5,112.49999999999999,7.031249999999999,0.0,0.0,24.0,1.5,34.0,2.125,0,0,15,0.9375,185.0,11.5625,185.0,183.8,16,1.0,15,0.9375,11.5625,12.253333333333334,1.0,1.0,1.0,1.0,3.0
traviskelce/2540258,2015,,,87.5,5.46875,,,30.0,1.875,28.799999999999997,1.7999999999999998,0,0,2,0.125,148.29999999999998,9.268749999999999,148.29999999999998,148.29999999999998,16,1.0,16,1.0,9.268749999999999,9.268749999999999,1.0,7.0,7.0,8.0,9.0
traviskelce/2540258,2014,,,86.20000000000002,5.387500000000001,,,30.0,1.875,26.800000000000004,1.6750000000000003,0,0,2,0.125,144.99999999999997,9.062499999999998,144.99999999999997,116.80000000000001,16,1.0,11,0.6875,9.062499999999998,10.618181818181819,1.0,5.0,5.0,5.0,4.0
traviskelce/2540258,2013,,,,,,,,,,,0,0,0,0.0,0.0,0.0,0.0,0.0,1,0.2,0,0.0,0.0,,0.0625,39.5,39.5,39.5,
lancekendricks/2495187,2017,,,20.300000000000004,1.845454545454546,,,6.0,0.5454545454545454,7.200000000000001,0.6545454545454547,0,0,0,0.0,33.5,2.09375,33.5,26.199999999999996,16,1.0,9,0.5625,2.09375,2.9111111111111105,1.0,44.0,46.0,51.0,40.0
lancekendricks/2495187,2016,,,49.9,3.11875,,,12.0,0.75,20.0,1.25,0,0,0,0.0,81.89999999999999,5.1187499999999995,81.89999999999999,81.89999999999999,16,1.0,16,1.0,5.1187499999999995,5.1187499999999995,1.0,18.0,19.0,20.0,21.0
lancekendricks/2495187,2015,,,24.499999999999996,1.7499999999999998,,,12.0,0.8571428571428571,10.0,0.7142857142857143,0,0,0,0.0,46.5,2.90625,46.5,45.0,15,0.9375,12,0.75,3.1,3.75,0.9375,23.0,25.0,26.0,26.0
lancekendricks/2495187,2014,,,25.900000000000002,1.6187500000000001,,,30.0,1.875,10.800000000000004,0.6750000000000003,0,0,0,0.0,66.69999999999999,4.168749999999999,66.69999999999999,54.300000000000004,16,1.0,14,0.875,4.168749999999999,3.878571428571429,1.0,14.0,16.0,20.0,18.0
lancekendricks/2495187,2013,,,25.799999999999997,1.8428571428571427,,,24.0,1.7142857142857142,12.8,0.9142857142857144,0,0,0,0.0,62.599999999999994,3.9124999999999996,62.599999999999994,57.0,15,0.9375,13,0.8125,4.173333333333333,4.384615384615385,0.9375,14.0,16.0,16.0,16.0
lancekendricks/2495187,2012,,,51.89999999999999,3.2437499999999995,,,24.0,1.5,16.800000000000004,1.0500000000000003,0,0,2,0.125,94.7,5.91875,94.7,88.4,16,1.0,14,0.875,5.91875,6.314285714285715,1.0,8.0,9.0,9.0,8.0
lancekendricks/2495187,2011,-0.8,-0.8,35.2,2.3466666666666667,0.0,0.0,0.0,0.0,11.200000000000003,0.7466666666666668,0,0,0,0.0,45.60000000000001,2.8500000000000005,45.60000000000001,26.800000000000004,15,0.9375,10,0.625,3.0400000000000005,2.6800000000000006,0.9375,13.0,13.0,13.0,13.0
georgekittle/2558266,2017,,,51.50000000000001,3.433333333333334,,,12.0,0.8,17.200000000000003,1.146666666666667,0,0,2,0.125,82.69999999999999,5.168749999999999,82.69999999999999,39.0,15,0.9375,7,0.4375,5.513333333333333,5.571428571428571,0.9375,19.0,21.0,21.0,21.0
benkoyack/2552396,2017,,,3.8000000000000003,0.6333333333333334,,,0.0,0.0,2.0,0.3333333333333333,0,0,0,0.0,5.8,0.3625,5.8,0.0,16,1.0,3,0.1875,0.3625,0.0,1.0,84.0,87.0,88.0,84.0
benkoyack/2552396,2016,,,16.1,1.788888888888889,,,6.0,0.6666666666666666,7.6000000000000005,0.8444444444444446,0,0,0,0.0,29.700000000000003,1.8562500000000002,29.700000000000003,20.9,14,0.875,7,0.4375,2.1214285714285714,2.9857142857142853,0.875,37.0,39.0,44.0,34.0
henrykrieger-coble/2556580,2017,,,,,,,,,,,0,0,0,0.0,0.0,0.0,0.0,0.0,1,0.3333333333333333,0,0.0,0.0,,0.0625,108.0,108.0,106.5,
henrykrieger-coble/2556580,2016,,,1.3,1.3,,,0.0,0.0,0.4,0.4,0,0,0,0.0,1.7000000000000002,0.8500000000000001,1.7000000000000002,0.0,2,1.0,0,0.0,0.8500000000000001,,0.125,79.0,61.0,64.0,
tylerkroft/2552586,2017,,,40.400000000000006,2.693333333333334,,,42.0,2.8,16.800000000000004,1.1200000000000003,0,0,0,0.0,99.2,6.2,99.2,99.2,16,1.0,16,1.0,6.2,6.2,1.0,15.0,16.0,18.0,20.0
tylerkroft/2552586,2016,,,9.200000000000001,1.5333333333333334,,,0.0,0.0,4.0,0.6666666666666666,0,0,0,0.0,13.2,0.825,13.2,8.5,14,0.875,11,0.6875,0.9428571428571428,0.7727272727272727,0.875,56.0,62.0,61.0,59.0
tylerkroft/2552586,2015,,,12.900000000000002,2.1500000000000004,,,6.0,1.0,4.4,0.7333333333333334,0,0,0,0.0,23.300000000000004,1.4562500000000003,23.300000000000004,19.400000000000002,16,1.0,6,0.375,1.4562500000000003,3.233333333333334,1.0,38.0,41.0,45.0,31.0
mattlacosse/2553667,2017,,,0.0,0.0,,,0.0,0.0,0.0,0.0,0,0,0,0.0,0.0,0.0,0.0,0.0,5,0.45454545454545453,1,0.09090909090909091,0.0,0.0,0.3125,108.0,108.0,106.5,84.0
mattlacosse/2553667,2015,,,2.2,2.2,,,0.0,0.0,1.2000000000000002,1.2000000000000002,0,0,0,0.0,3.4000000000000004,1.7000000000000002,3.4000000000000004,0.0,2,1.0,0,0.0,1.7000000000000002,,0.125,58.0,36.0,41.0,
kharilee/2553552,2017,,,,,,,,,,,0,0,0,0.0,0.0,0.0,0.0,0.0,8,0.5,0,0.0,0.0,,0.5,108.0,108.0,106.5,
kharilee/2553552,2016,,,0.0,0.0,,,0.0,0.0,0.0,0.0,0,0,0,0.0,0.0,0.0,0.0,0.0,8,0.8888888888888888,0,0.0,0.0,,0.5,90.0,90.0,89.0,
kharilee/2553552,2015,,,0.7000000000000001,0.23333333333333336,,,0.0,0.0,0.4,0.13333333333333333,0,0,0,0.0,1.1,0.06875,1.1,1.1,16,1.0,7,0.4375,0.06875,0.15714285714285717,1.0,60.0,61.0,64.0,55.0
jordanleggett/2557885,2017,,,,,,,,,,,0,0,0,0.0,0.0,0.0,0.0,0.0,0,0.0,0,0.0,,,0.0,108.0,108.0,,
mattlengel/2553554,2017,,,,,,,,,,,0,0,0,0.0,0.0,0.0,0.0,0.0,1,0.1111111111111111,0,0.0,0.0,,0.0625,108.0,108.0,106.5,
mattlengel/2553554,2016,,,2.2,1.1,,,6.0,3.0,0.8,0.4,0,0,0,0.0,9.0,1.125,9.0,0.0,6,0.75,0,0.0,1.5,,0.375,62.0,53.0,50.0,
marcedeslewis/2495888,2017,,,31.800000000000004,1.9875000000000003,,,30.0,1.875,9.600000000000001,0.6000000000000001,0,0,0,0.0,71.39999999999999,4.4624999999999995,71.39999999999999,71.39999999999999,16,1.0,16,1.0,4.4624999999999995,4.4624999999999995,1.0,23.0,24.0,26.0,31.0
marcedeslewis/2495888,2016,,,16.900000000000002,1.6900000000000002,,,6.0,0.6,8.0,0.8,0,0,0,0.0,30.900000000000006,3.0900000000000007,30.900000000000006,30.900000000000006,10,1.0,10,1.0,3.0900000000000007,3.0900000000000007,0.625,35.0,31.0,34.0,33.0
marcedeslewis/2495888,2015,,,22.6,1.5066666666666668,,,0.0,0.0,6.400000000000002,0.4266666666666668,0,0,0,0.0,29.0,1.8125,29.0,29.0,16,1.0,16,1.0,1.8125,1.8125,1.0,32.0,34.0,37.0,40.0
marcedeslewis/2495888,2014,,,20.600000000000005,2.5750000000000006,,,12.0,1.5,7.2,0.9,0,0,0,0.0,39.800000000000004,4.9750000000000005,39.800000000000004,39.800000000000004,8,1.0,8,1.0,4.9750000000000005,4.9750000000000005,0.5,25.0,11.0,12.0,15.0
marcedeslewis/2495888,2013,,,35.9,3.59,,,24.0,2.4,10.0,1.0,0,0,0,0.0,69.9,4.36875,69.9,69.9,11,0.6875,11,0.6875,6.354545454545455,6.354545454545455,0.6875,13.0,14.0,12.0,12.0
marcedeslewis/2495888,2012,,,54.0,3.6,,,24.0,1.6,20.8,1.3866666666666667,0,0,2,0.125,100.80000000000001,6.300000000000001,100.80000000000001,90.4,16,1.0,15,0.9375,6.300000000000001,6.026666666666667,1.0,7.0,8.0,8.0,9.0
marcedeslewis/2495888,2011,,,46.00000000000001,3.0666666666666673,,,0.0,0.0,15.600000000000001,1.04,0,0,0,0.0,61.60000000000001,3.8500000000000005,61.60000000000001,61.60000000000001,15,0.9375,15,0.9375,4.106666666666667,4.106666666666667,0.9375,9.0,9.0,9.0,9.0
marcedeslewis/2495888,2010,,,70.00000000000001,4.375000000000001,,,60.0,3.75,23.2,1.45,0,0,0,0.0,153.2,9.575,153.2,153.2,16,1.0,16,1.0,9.575,9.575,1.0,2.0,2.0,2.0,2.0
marcedeslewis/2495888,2009,,,51.80000000000001,3.453333333333334,,,12.0,0.8,12.8,0.8533333333333334,0,0,0,0.0,76.6,4.7875,76.6,76.6,15,0.9375,15,0.9375,5.1066666666666665,5.1066666666666665,0.9375,4.0,4.0,4.0,4.0
marcedeslewis/2495888,2008,,,48.900000000000006,3.0562500000000004,,,12.0,0.75,16.4,1.025,0,0,0,0.0,77.30000000000001,4.831250000000001,77.30000000000001,77.30000000000001,16,1.0,16,1.0,4.831250000000001,4.831250000000001,1.0,2.0,2.0,2.0,2.0
marcedeslewis/2495888,2007,,,39.1,2.606666666666667,,,12.0,0.8,14.8,0.9866666666666667,0,0,0,0.0,65.9,4.11875,65.9,65.9,16,1.0,16,1.0,4.11875,4.11875,1.0,4.0,4.0,4.0,4.0
marcedeslewis/2495888,2006,,,12.600000000000001,1.4000000000000001,,,6.0,0.6666666666666666,5.2,0.5777777777777778,0,0,0,0.0,23.800000000000004,1.4875000000000003,23.800000000000004,2.1,15,0.9375,3,0.1875,1.586666666666667,0.7000000000000001,0.9375,3.0,3.0,3.0,3.0
ryanmalleck/2556605,2017,,,0.30000000000000004,0.30000000000000004,,,0.0,0.0,0.4,0.4,0,0,0,0.0,0.7000000000000001,0.35000000000000003,0.7000000000000001,0.0,2,1.0,0,0.0,0.35000000000000003,,0.125,95.0,88.0,89.0,
chrismanhertz/2552622,2017,,,1.7000000000000002,0.5666666666666668,,,0.0,0.0,0.8,0.26666666666666666,0,0,0,0.0,2.5,0.15625,2.5,0.0,16,1.0,4,0.25,0.15625,0.0,1.0,92.0,95.0,95.0,84.0
chrismanhertz/2552622,2016,,,1.0,1.0,,,0.0,0.0,0.4,0.4,0,0,0,0.0,1.4,0.09999999999999999,1.4,0.0,7,0.5,2,0.14285714285714285,0.19999999999999998,0.0,0.4375,80.0,81.0,79.0,71.5
vincemayle/2552431,2017,0.2,0.1,0.0,0.0,6.0,3.0,0.0,0.0,0.0,0.0,0,0,0,0.0,6.2,0.3875,6.2,0.0,16,1.0,0,0.0,0.3875,,1.0,80.0,84.5,87.0,
vincemayle/2552431,2016,,,,,,,,,,,0,0,0,0.0,0.0,0.0,0.0,0.0,6,0.8571428571428571,0,0.0,0.0,,0.375,90.0,90.0,89.0,
vincemayle/2552431,2015,,,0.0,0.0,,,0.0,0.0,0.0,0.0,0,0,0,0.0,0.0,0.0,0.0,0.0,1,0.5,0,0.0,0.0,,0.0625,68.5,68.5,67.0,
vancemcdonald/2540215,2017,,,18.8,2.088888888888889,,,6.0,0.6666666666666666,5.6000000000000005,0.6222222222222222,0,0,0,0.0,30.400000000000002,1.9000000000000001,30.400000000000002,29.500000000000004,10,0.625,7,0.4375,3.04,4.214285714285714,0.625,47.0,49.0,39.0,33.0
vancemcdonald/2540215,2016,,,39.1,3.91,,,24.0,2.4,9.600000000000001,0.9600000000000002,0,0,0,0.0,72.7,5.592307692307693,72.7,72.7,11,0.8461538461538461,11,0.8461538461538461,6.609090909090909,6.609090909090909,0.6875,20.0,16.0,16.0,16.0
vancemcdonald/2540215,2015,,,32.6,2.3285714285714287,,,18.0,1.2857142857142858,12.0,0.8571428571428571,0,0,0,0.0,62.6,3.9125,62.6,59.6,14,0.875,11,0.6875,4.4714285714285715,5.418181818181818,0.875,18.0,20.0,18.0,21.0
vancemcdonald/2540215,2014,,,3.0,1.0,,,0.0,0.0,0.8,0.26666666666666666,0,0,0,0.0,3.8,0.29230769230769227,3.8,3.8,8,0.6153846153846154,4,0.3076923076923077,0.475,0.95,0.5,45.0,47.0,43.0,39.0
vancemcdonald/2540215,2013,,,11.900000000000002,1.1900000000000002,,,0.0,0.0,3.1999999999999997,0.31999999999999995,0,0,0,0.0,15.100000000000001,0.9437500000000001,15.100000000000001,2.3,15,0.9375,4,0.25,1.0066666666666668,0.575,0.9375,25.0,26.0,27.0,31.0
seanmcgrath/2535943,2017,,,4.6,1.5333333333333332,,,0.0,0.0,1.6,0.5333333333333333,0,0,0,0.0,6.2,0.3875,6.2,3.4000000000000004,15,0.9375,6,0.375,0.41333333333333333,0.5666666666666668,0.9375,80.0,84.5,84.0,74.0
seanmcgrath/2535943,2016,,,2.5,1.25,,,0.0,0.0,0.8,0.4,0,0,0,0.0,3.3000000000000003,0.20625000000000002,3.3000000000000003,1.7000000000000002,16,1.0,5,0.3125,0.20625000000000002,0.34,1.0,71.0,75.0,78.0,63.0
seanmcgrath/2535943,2015,,,,,,,,,,,0,0,0,0.0,0.0,0.0,0.0,0.0,0,0.0,0,0.0,,,0.0,68.5,68.5,,
seanmcgrath/2535943,2013,,,30.200000000000003,2.3230769230769233,,,12.0,0.9230769230769231,10.400000000000002,0.8000000000000002,0,0,0,0.0,52.599999999999994,3.2874999999999996,52.599999999999994,35.0,16,1.0,9,0.5625,3.2874999999999996,3.888888888888889,1.0,17.0,18.0,18.0,17.0
seanmcgrath/2535943,2012,,,,,,,,,,,0,0,0,0.0,0.0,0.0,0.0,0.0,2,1.0,0,0.0,0.0,,0.125,25.0,25.0,25.0,
zachmiller/238457,2017,,,23.6,2.95,,,12.0,1.5,8.0,1.0,0,0,0,0.0,43.60000000000001,5.450000000000001,43.60000000000001,27.7,8,1.0,6,0.75,5.450000000000001,4.616666666666666,0.5,37.0,19.0,22.0,29.0
zachmiller/238457,2016,,,48.6,4.86,,,24.0,2.4,18.8,1.8800000000000001,0,0,0,0.0,91.39999999999999,9.139999999999999,91.39999999999999,84.0,10,1.0,8,0.8,9.139999999999999,10.5,0.625,13.0,6.0,10.0,5.0
zachmiller/238457,2015,,,43.9,3.658333333333333,,,30.0,2.5,13.600000000000001,1.1333333333333335,0,0,2,0.125,89.49999999999999,5.593749999999999,89.49999999999999,80.4,15,0.9375,14,0.875,5.966666666666666,5.742857142857143,0.9375,14.0,15.0,16.0,19.0
zachmiller/238457,2011,,,4.2,2.1,,,6.0,3.0,1.6,0.8,0,0,0,0.0,11.8,1.9666666666666668,11.8,0.0,4,0.6666666666666666,0,0.0,2.95,,0.25,17.0,14.0,14.0,
zachmiller/238457,2010,0.9,0.9,21.6,2.16,0.0,0.0,6.0,0.6,8.0,0.8,0,0,0,0.0,36.5,2.28125,36.5,24.9,15,0.9375,5,0.3125,2.433333333333333,4.9799999999999995,0.9375,11.0,11.0,11.0,10.0
zachmiller/238457,2009,0.30000000000000004,0.30000000000000004,21.200000000000003,2.12,0.0,0.0,12.0,1.2,8.4,0.8400000000000001,0,0,0,0.0,41.900000000000006,2.6187500000000004,41.900000000000006,0.0,14,0.875,0,0.0,2.9928571428571433,,0.875,5.0,5.0,5.0,
davidmorgan/2555306,2017,,,9.5,1.3571428571428572,,,6.0,0.8571428571428571,4.0,0.5714285714285714,0,0,0,0.0,19.5,1.21875,19.5,4.9,15,0.9375,6,0.375,1.3,0.8166666666666668,0.9375,59.0,64.0,64.0,68.0
davidmorgan/2555306,2016,,,0.4,0.4,,,0.0,0.0,0.4,0.4,0,0,0,0.0,0.8,0.05,0.8,0.0,12,0.75,0,0.0,0.06666666666666667,,0.75,81.0,82.0,82.0,
johnnymundt/2558875,2017,,,,,,,,,,,0,0,0,0.0,0.0,0.0,0.0,0.0,2,1.0,0,0.0,0.0,,0.125,108.0,108.0,106.5,
troyniklas/2543628,2017,,,13.2,1.2,,,6.0,0.5454545454545454,4.4,0.4,0,0,0,0.0,23.600000000000005,1.4750000000000003,23.600000000000005,10.4,15,0.9375,11,0.6875,1.5733333333333337,0.9454545454545454,0.9375,54.0,56.0,58.0,63.0
troyniklas/2543628,2016,,,0.0,0.0,,,0.0,0.0,0.4,0.2,0,0,0,0.0,0.4,0.13333333333333333,0.4,0.4,3,1.0,2,0.6666666666666666,0.13333333333333333,0.2,0.1875,83.0,80.0,81.0,66.0
troyniklas/2543628,2015,,,3.3,1.0999999999999999,,,12.0,4.0,1.6,0.5333333333333333,0,0,0,0.0,16.9,1.05625,16.9,14.0,16,1.0,3,0.1875,1.05625,4.666666666666667,1.0,45.0,49.0,51.0,22.0
troyniklas/2543628,2014,,,3.8000000000000003,1.2666666666666668,,,0.0,0.0,1.2000000000000002,0.4000000000000001,0,0,0,0.0,5.0,0.5,5.0,2.1,7,0.7,2,0.2,0.7142857142857143,1.05,0.4375,42.0,40.0,40.0,38.0
davidnjoku/2557986,2017,0.1,0.1,38.599999999999994,2.4124999999999996,0.0,0.0,24.0,1.5,12.8,0.8,0,0,0,0.0,75.50000000000001,4.718750000000001,75.50000000000001,11.8,16,1.0,5,0.3125,4.718750000000001,2.3600000000000003,1.0,20.0,22.0,24.0,46.0
nicko'leary/2552403,2017,,,32.2,2.476923076923077,,,12.0,0.9230769230769231,8.8,0.676923076923077,0,0,0,0.0,53.00000000000001,3.3125000000000004,53.00000000000001,16.800000000000004,15,0.9375,5,0.3125,3.5333333333333337,3.3600000000000008,0.9375,29.0,34.0,36.0,36.0
nicko'leary/2552403,2016,,,11.400000000000002,1.1400000000000001,,,0.0,0.0,3.5999999999999996,0.36,0,0,0,0.0,14.999999999999998,0.9374999999999999,14.999999999999998,8.8,16,1.0,7,0.4375,0.9374999999999999,1.2571428571428573,1.0,55.0,59.0,62.0,55.0
nicko'leary/2552403,2015,,,3.7,1.2333333333333334,,,0.0,0.0,0.4,0.13333333333333333,0,0,0,0.0,4.1000000000000005,1.0250000000000001,4.1000000000000005,0.0,4,1.0,0,0.0,1.0250000000000001,,0.25,57.0,50.0,52.0,
ryano'malley/2556818,2017,,,,,,,,,,,0,0,0,0.0,0.0,0.0,0.0,0.0,1,1.0,0,0.0,0.0,,0.0625,108.0,108.0,106.5,
ryano'malley/2556818,2016,,,,,,,,,,,0,0,0,0.0,0.0,0.0,0.0,0.0,1,0.16666666666666666,0,0.0,0.0,,0.0625,90.0,90.0,89.0,
jameso'shaughnessy/2553318,2017,,,14.9,1.0642857142857143,,,6.0,0.42857142857142855,5.6,0.39999999999999997,0,0,0,0.0,26.5,1.65625,26.5,0.0,16,1.0,1,0.0625,1.65625,0.0,1.0,52.0,54.0,57.0,84.0
jameso'shaughnessy/2553318,2016,,,-0.1,-0.03333333333333333,,,0.0,0.0,0.8,0.26666666666666666,0,0,0,0.0,0.7000000000000001,0.043750000000000004,0.7000000000000001,0.30000000000000004,16,1.0,3,0.1875,0.043750000000000004,0.10000000000000002,1.0,82.0,83.0,83.0,68.0
jameso'shaughnessy/2553318,2015,,,8.7,1.7399999999999998,,,0.0,0.0,2.4,0.48,0,0,0,0.0,11.1,1.2333333333333334,11.1,3.7000000000000006,7,0.7777777777777778,3,0.3333333333333333,1.5857142857142856,1.2333333333333336,0.4375,51.0,44.0,42.0,45.0
gregolsen/2495700,2017,,,19.1,2.7285714285714286,,,6.0,0.8571428571428571,6.800000000000001,0.9714285714285715,0,0,2,0.25,33.9,4.2375,33.9,33.9,7,0.875,7,0.875,4.8428571428571425,4.8428571428571425,0.4375,43.0,25.0,23.0,26.0
gregolsen/2495700,2016,,,107.30000000000001,6.706250000000001,,,18.0,1.125,32.00000000000001,2.0000000000000004,0,0,7,0.4375,164.30000000000004,10.268750000000002,164.30000000000004,164.30000000000004,16,1.0,16,1.0,10.268750000000002,10.268750000000002,1.0,2.0,2.0,5.0,6.0
gregolsen/2495700,2015,,,110.40000000000002,6.900000000000001,,,42.0,2.625,30.8,1.925,0,0,6,0.375,189.20000000000002,11.825000000000001,189.20000000000002,189.20000000000002,16,1.0,16,1.0,11.825000000000001,11.825000000000001,1.0,3.0,3.0,5.0,5.0
gregolsen/2495700,2014,,,100.80000000000001,6.300000000000001,,,36.0,2.25,33.599999999999994,2.0999999999999996,0,0,6,0.375,176.4,11.025,176.4,176.4,16,1.0,16,1.0,11.025,11.025,1.0,3.0,3.0,3.0,3.0
gregolsen/2495700,2013,,,81.6,5.1,,,36.0,2.25,29.200000000000003,1.8250000000000002,0,0,0,0.0,146.8,9.175,146.8,146.8,16,1.0,16,1.0,9.175,9.175,1.0,4.0,4.0,6.0,5.0
gregolsen/2495700,2012,,,84.3,5.26875,,,30.0,1.875,27.60000000000001,1.7250000000000005,0,0,2,0.125,143.89999999999998,8.993749999999999,143.89999999999998,143.89999999999998,16,1.0,16,1.0,8.993749999999999,8.993749999999999,1.0,3.0,3.0,3.0,3.0
gregolsen/2495700,2011,,,54.0,3.375,,,30.0,1.875,18.0,1.125,0,0,0,0.0,101.99999999999999,6.374999999999999,101.99999999999999,96.1,16,1.0,13,0.8125,6.374999999999999,7.392307692307692,1.0,7.0,7.0,7.0,6.0
gregolsen/2495700,2010,,,40.4,2.525,,,30.0,1.875,16.400000000000002,1.0250000000000001,0,0,0,0.0,86.80000000000001,5.425000000000001,86.80000000000001,65.10000000000001,16,1.0,13,0.8125,5.425000000000001,5.0076923076923086,1.0,6.0,6.0,6.0,9.0
gregolsen/2495700,2009,,,61.2,3.825,,,48.0,3.0,24.0,1.5,0,0,0,0.0,133.20000000000002,8.325000000000001,133.20000000000002,115.80000000000001,16,1.0,15,0.9375,8.325000000000001,7.720000000000001,1.0,2.0,2.0,2.0,3.0
gregolsen/2495700,2008,,,57.400000000000006,3.5875000000000004,,,30.0,1.875,21.6,1.35,0,0,0,0.0,108.99999999999999,6.812499999999999,108.99999999999999,44.5,16,1.0,7,0.4375,6.812499999999999,6.357142857142857,1.0,1.0,1.0,1.0,1.0
gregolsen/2495700,2007,,,39.1,3.0076923076923077,,,12.0,0.9230769230769231,15.600000000000003,1.2000000000000002,0,0,0,0.0,66.7,4.16875,66.7,32.2,14,0.875,4,0.25,4.764285714285714,8.05,0.875,3.0,3.0,3.0,1.0
brianparker/2553840,2015,,,0.6000000000000001,0.30000000000000004,,,0.0,0.0,0.4,0.2,0,0,0,0.0,1.0,0.0625,1.0,0.0,9,0.5625,0,0.0,0.1111111111111111,,0.5625,61.0,62.0,62.0,
nilespaul/2495211,2017,0.4,0.2,9.4,0.9400000000000001,0.0,0.0,0.0,0.0,5.200000000000001,0.5200000000000001,0,0,0,0.0,15.000000000000002,0.9375000000000001,15.000000000000002,7.200000000000001,14,0.875,8,0.5,1.0714285714285716,0.9000000000000001,0.875,64.0,70.0,69.0,64.0
nilespaul/2495211,2016,,,2.7,1.35,,,0.0,0.0,0.8,0.4,0,0,0,0.0,3.5,0.4375,3.5,0.0,8,1.0,1,0.125,0.4375,0.0,0.5,70.0,69.0,72.0,71.5
nilespaul/2495211,2014,,,50.70000000000002,3.3800000000000012,,,6.0,0.4,15.600000000000005,1.0400000000000003,0,0,0,0.0,72.3,4.51875,72.3,19.300000000000004,16,1.0,7,0.4375,4.51875,2.7571428571428576,1.0,11.0,13.0,16.0,26.0
nilespaul/2495211,2013,,,5.1,1.02,,,0.0,0.0,1.6,0.32,0,0,0,0.0,6.699999999999999,0.41874999999999996,6.699999999999999,3.9,15,0.9375,4,0.25,0.4466666666666666,0.975,0.9375,32.0,32.0,33.0,28.0
nilespaul/2495211,2012,-0.1,-0.1,15.2,1.52,0.0,0.0,6.0,0.6,3.1999999999999997,0.31999999999999995,0,0,0,0.0,24.300000000000004,1.5187500000000003,24.300000000000004,2.5,16,1.0,4,0.25,1.5187500000000003,0.625,1.0,17.0,17.0,17.0,21.0
nilespaul/2495211,2011,0.7000000000000001,0.7000000000000001,2.5,0.625,0.0,0.0,0.0,0.0,0.8,0.2,0,0,0,0.0,4.0,0.25,4.0,3.3,13,0.8125,2,0.125,0.3076923076923077,1.65,0.8125,19.0,19.0,19.0,15.0
loganpaulsen/2507828,2017,,,0.0,0.0,,,0.0,0.0,0.0,0.0,0,0,0,0.0,0.0,0.0,0.0,0.0,14,1.0,1,0.07142857142857142,0.0,0.0,0.875,108.0,108.0,106.5,84.0
loganpaulsen/2507828,2016,,,1.5,0.21428571428571427,,,0.0,0.0,1.2000000000000002,0.17142857142857146,0,0,0,0.0,2.7,0.16875,2.7,2.7,16,1.0,12,0.75,0.16875,0.225,1.0,72.5,77.5,80.0,65.0
loganpaulsen/2507828,2014,,,7.800000000000001,0.78,,,6.0,0.6,5.200000000000002,0.5200000000000002,0,0,0,0.0,19.0,1.1875,19.0,18.5,16,1.0,12,0.75,1.1875,1.5416666666666667,1.0,32.0,35.0,37.0,34.0
loganpaulsen/2507828,2013,,,26.700000000000003,1.9071428571428573,,,18.0,1.2857142857142858,11.200000000000001,0.8,0,0,0,0.0,55.900000000000006,3.4937500000000004,55.900000000000006,53.8,16,1.0,14,0.875,3.4937500000000004,3.8428571428571425,1.0,16.0,17.0,17.0,18.0
loganpaulsen/2507828,2012,,,30.800000000000004,2.3692307692307697,,,6.0,0.46153846153846156,10.000000000000002,0.7692307692307694,0,0,0,0.0,46.80000000000001,2.9250000000000007,46.80000000000001,44.2,16,1.0,10,0.625,2.9250000000000007,4.42,1.0,13.0,13.0,13.0,13.0
loganpaulsen/2507828,2011,,,13.800000000000002,1.3800000000000003,,,0.0,0.0,4.3999999999999995,0.43999999999999995,0,0,0,0.0,18.200000000000003,1.1375000000000002,18.200000000000003,7.0,16,1.0,6,0.375,1.1375000000000002,1.1666666666666667,1.0,15.0,17.0,17.0,18.0
loganpaulsen/2507828,2010,,,1.0,0.5,,,6.0,3.0,0.8,0.4,0,0,0,0.0,7.8,0.4875,7.8,0.0,11,0.6875,0,0.0,0.7090909090909091,,0.6875,13.0,13.0,13.0,
joshperkins/2556444,2016,,,4.2,1.4000000000000001,,,6.0,2.0,1.2000000000000002,0.4000000000000001,0,0,0,0.0,11.400000000000002,0.7125000000000001,11.400000000000002,10.200000000000001,8,0.5,1,0.0625,1.4250000000000003,10.200000000000001,0.5,58.0,64.0,54.0,7.0
johnphillips/71435,2017,,,,,,,,,,,0,0,0,0.0,0.0,0.0,0.0,0.0,1,1.0,0,0.0,0.0,,0.0625,108.0,108.0,106.5,
johnphillips/71435,2016,,,7.2,0.9,,,6.0,0.75,4.0,0.5,0,0,0,0.0,17.200000000000003,1.0750000000000002,17.200000000000003,11.2,16,1.0,7,0.4375,1.0750000000000002,1.5999999999999999,1.0,52.0,55.0,58.0,49.0
johnphillips/71435,2015,,,6.8999999999999995,1.15,,,6.0,1.0,4.0,0.6666666666666666,0,0,0,0.0,16.900000000000002,1.0562500000000001,16.900000000000002,12.9,16,1.0,5,0.3125,1.0562500000000001,2.58,1.0,44.0,48.0,50.0,34.0
johnphillips/71435,2014,,,0.1,0.1,,,6.0,6.0,0.4,0.4,0,0,0,0.0,6.5,0.40625,6.5,0.0,16,1.0,1,0.0625,0.40625,0.0,1.0,39.0,43.0,45.0,46.0
johnphillips/71435,2013,,,3.0,0.6,,,0.0,0.0,1.6,0.32,0,0,0,0.0,4.6000000000000005,0.3066666666666667,4.6000000000000005,3.5,15,1.0,6,0.4,0.3066666666666667,0.5833333333333334,0.9375,34.0,34.0,35.0,30.0
johnphillips/71435,2012,,,5.500000000000001,0.9166666666666669,,,6.0,1.0,3.2,0.5333333333333333,0,0,0,0.0,14.700000000000003,0.9187500000000002,14.700000000000003,11.000000000000002,16,1.0,9,0.5625,0.9187500000000002,1.2222222222222223,1.0,19.0,19.0,20.0,19.0
johnphillips/71435,2011,,,10.100000000000001,1.1222222222222225,,,6.0,0.6666666666666666,6.0,0.6666666666666666,0,0,0,0.0,22.1,1.38125,22.1,13.200000000000001,16,1.0,7,0.4375,1.38125,1.885714285714286,1.0,14.0,15.0,16.0,14.0
johnphillips/71435,2009,,,6.2,1.0333333333333334,,,0.0,0.0,2.8,0.4666666666666666,0,0,0,0.0,9.0,0.5625,9.0,5.2,16,1.0,4,0.25,0.5625,1.3,1.0,8.0,8.0,8.0,6.0
mycolepruitt/2552401,2017,,,,,,,,,,,0,0,0,0.0,0.0,0.0,0.0,0.0,1,0.5,0,0.0,0.0,,0.0625,108.0,108.0,106.5,
mycolepruitt/2552401,2016,,,1.3000000000000003,0.6500000000000001,,,0.0,0.0,0.8,0.4,0,0,0,0.0,2.1,0.19090909090909092,2.1,0.0,4,0.36363636363636365,0,0.0,0.525,,0.25,76.5,76.0,67.0,
mycolepruitt/2552401,2015,,,8.9,0.89,,,0.0,0.0,4.0,0.4,0,0,0,0.0,12.9,0.80625,12.9,1.5,16,1.0,3,0.1875,0.80625,0.5,1.0,50.0,54.0,55.0,52.0
jordanreed/2540160,2017,,,21.1,3.516666666666667,,,12.0,2.0,10.800000000000002,1.8000000000000005,0,0,0,0.0,43.9,3.376923076923077,43.9,40.6,6,0.46153846153846156,5,0.38461538461538464,7.316666666666666,8.120000000000001,0.375,36.0,32.0,9.0,12.0
jordanreed/2540160,2016,,,68.6,5.716666666666666,,,36.0,3.0,26.4,2.1999999999999997,0,0,0,0.0,131.00000000000003,8.187500000000002,131.00000000000003,109.40000000000002,12,0.75,8,0.5,10.91666666666667,13.675000000000002,0.75,8.0,10.0,3.0,2.0
jordanreed/2540160,2015,,,95.2,6.8,,,66.0,4.714285714285714,34.800000000000004,2.485714285714286,0,0,4,0.25,199.99999999999997,12.499999999999998,199.99999999999997,105.6,14,0.875,8,0.5,14.285714285714283,13.2,0.875,2.0,2.0,2.0,4.0
jordanreed/2540160,2014,,,46.5,4.2272727272727275,,,0.0,0.0,20.000000000000004,1.8181818181818186,0,0,2,0.125,68.5,4.28125,68.5,6.7,11,0.6875,2,0.125,6.2272727272727275,3.35,0.6875,13.0,15.0,11.0,20.0
jordanreed/2540160,2013,1.8,1.8,49.90000000000001,5.544444444444446,0.0,0.0,18.0,2.0,18.0,2.0,0,0,2,0.14285714285714285,89.69999999999999,6.407142857142857,89.69999999999999,35.5,9,0.6428571428571429,4,0.2857142857142857,9.966666666666665,8.875,0.5625,9.0,9.0,4.0,6.0
michaelroberts/2558049,2017,,,4.6000000000000005,0.9200000000000002,,,0.0,0.0,1.6,0.32,0,0,0,0.0,6.199999999999999,0.38749999999999996,6.199999999999999,2.7,15,0.9375,3,0.1875,0.4133333333333333,0.9,0.9375,82.0,86.0,85.0,66.0
richardrodgers/2550313,2017,,,16.0,1.7777777777777777,,,6.0,0.6666666666666666,4.8,0.5333333333333333,0,0,0,0.0,26.8,1.675,26.8,15.299999999999999,15,0.9375,1,0.0625,1.7866666666666666,15.299999999999999,0.9375,51.0,53.0,56.0,1.0
richardrodgers/2550313,2016,,,27.1,1.8066666666666669,,,12.0,0.8,12.000000000000002,0.8000000000000002,0,0,0,0.0,51.10000000000001,3.1937500000000005,51.10000000000001,15.5,16,1.0,6,0.375,3.1937500000000005,2.5833333333333335,1.0,30.0,30.0,32.0,40.0
richardrodgers/2550313,2015,1.1,1.1,51.0,3.1875,0.0,0.0,48.0,3.0,23.2,1.45,0,0,2,0.125,125.3,7.83125,125.3,91.10000000000001,16,1.0,12,0.75,7.83125,7.591666666666668,1.0,9.0,10.0,11.0,13.0
richardrodgers/2550313,2014,,,22.500000000000004,1.730769230769231,,,12.0,0.9230769230769231,8.0,0.6153846153846154,0,0,0,0.0,42.50000000000001,2.6562500000000004,42.50000000000001,7.4,16,1.0,5,0.3125,2.6562500000000004,1.48,1.0,22.0,25.0,26.0,36.0
kylerudolph/2495438,2017,,,53.20000000000001,3.3250000000000006,,,48.0,3.0,22.8,1.425,0,0,0,0.0,124.00000000000001,7.750000000000001,124.00000000000001,124.00000000000001,16,1.0,16,1.0,7.750000000000001,7.750000000000001,1.0,8.0,8.0,8.0,13.0
kylerudolph/2495438,2016,,,84.0,5.25,,,42.0,2.625,33.2,2.075,0,0,2,0.125,161.2,10.075,161.2,161.2,16,1.0,16,1.0,10.075,10.075,1.0,3.0,3.0,6.0,8.0
kylerudolph/2495438,2015,,,49.5,3.09375,,,30.0,1.875,19.6,1.225,0,0,2,0.125,101.1,6.31875,101.1,101.1,16,1.0,16,1.0,6.31875,6.31875,1.0,11.0,12.0,14.0,18.0
kylerudolph/2495438,2014,,,23.1,3.3000000000000003,,,12.0,1.7142857142857142,9.6,1.3714285714285714,0,0,0,0.0,44.7,2.79375,44.7,44.7,9,0.5625,8,0.5,4.966666666666667,5.5875,0.5625,21.0,24.0,13.0,13.0
kylerudolph/2495438,2013,,,31.3,3.9125,,,18.0,2.25,12.000000000000002,1.5000000000000002,0,0,0,0.0,61.3,4.7153846153846155,61.3,61.3,8,0.6153846153846154,8,0.6153846153846154,7.6625,7.6625,0.5,15.0,12.0,9.0,11.0
kylerudolph/2495438,2012,,,49.300000000000004,3.0812500000000003,,,54.0,3.375,21.2,1.325,0,0,0,0.0,124.50000000000001,7.781250000000001,124.50000000000001,124.50000000000001,16,1.0,16,1.0,7.781250000000001,7.781250000000001,1.0,5.0,5.0,5.0,5.0
kylerudolph/2495438,2011,,,24.9,1.7785714285714285,,,18.0,1.2857142857142858,10.400000000000002,0.742857142857143,0,0,0,0.0,53.3,3.33125,53.3,24.8,15,0.9375,8,0.5,3.5533333333333332,3.1,0.9375,10.0,10.0,10.0,12.0
ericsaubert/2558023,2017,,,,,,,,,,,0,0,0,0.0,0.0,0.0,0.0,0.0,14,0.875,0,0.0,0.0,,0.875,108.0,108.0,106.5,
wessaxton/2553682,2015,,,,,,,,,,,0,0,0,0.0,0.0,0.0,0.0,0.0,1,1.0,0,0.0,0.0,,0.0625,68.5,68.5,67.0,
rickyseals-jones/2559248,2017,,,20.1,2.5125,,,18.0,2.25,4.800000000000001,0.6000000000000001,0,0,0,0.0,42.9,3.064285714285714,42.9,1.9000000000000001,10,0.7142857142857143,1,0.07142857142857142,4.29,1.9000000000000001,0.625,38.0,37.0,27.0,52.0
austinseferian-jenkins/2543683,2017,,,35.7,2.746153846153846,,,18.0,1.3846153846153846,20.0,1.5384615384615385,0,0,0,0.0,73.7,5.264285714285714,73.7,66.4,13,0.9285714285714286,10,0.7142857142857143,5.6692307692307695,6.640000000000001,0.8125,21.0,20.0,20.0,17.0
austinseferian-jenkins/2543683,2016,,,15.400000000000002,1.7111111111111112,,,6.0,0.6666666666666666,5.200000000000001,0.577777777777778,0,0,0,0.0,26.6,1.7733333333333334,26.6,5.4,9,0.6,2,0.13333333333333333,2.9555555555555557,2.7,0.5625,42.0,41.0,36.0,39.0
austinseferian-jenkins/2543683,2015,,,33.8,4.828571428571428,,,24.0,3.4285714285714284,8.4,1.2,0,0,2,0.125,68.2,4.2625,68.2,43.5,7,0.4375,3,0.1875,9.742857142857144,14.5,0.4375,16.0,17.0,6.0,2.0
austinseferian-jenkins/2543683,2014,,,22.1,2.4555555555555557,,,12.0,1.3333333333333333,8.400000000000002,0.9333333333333336,0,0,0,0.0,42.5,3.0357142857142856,42.5,42.5,9,0.6428571428571429,9,0.6428571428571429,4.722222222222222,4.722222222222222,0.5625,23.0,21.0,15.0,17.0
adamshaheen/2558144,2017,,,12.700000000000001,2.1166666666666667,,,18.0,3.0,4.800000000000001,0.8000000000000002,0,0,0,0.0,35.5,2.21875,35.5,23.5,13,0.8125,7,0.4375,2.730769230769231,3.357142857142857,0.8125,41.0,44.0,44.0,37.0
scottsimonson/2550599,2016,,,,,,,,,,,0,0,0,0.0,0.0,0.0,0.0,0.0,5,0.8333333333333334,1,0.16666666666666666,0.0,0.0,0.3125,90.0,90.0,89.0,71.5
scottsimonson/2550599,2015,,,1.0,1.0,,,0.0,0.0,0.4,0.4,0,0,0,0.0,1.4,0.12727272727272726,1.4,0.0,9,0.8181818181818182,0,0.0,0.15555555555555556,,0.5625,59.0,60.0,60.0,
scottsimonson/2550599,2014,,,,,,,,,,,0,0,0,0.0,0.0,0.0,0.0,0.0,4,1.0,0,0.0,0.0,,0.25,50.0,50.0,49.5,
dionsims/2540200,2017,,,18.0,1.5,,,6.0,0.5,6.000000000000002,0.5000000000000001,0,0,0,0.0,30.000000000000004,1.8750000000000002,30.000000000000004,30.000000000000004,14,0.875,14,0.875,2.1428571428571432,2.1428571428571432,0.875,48.0,51.0,48.0,49.0
dionsims/2540200,2016,,,25.6,1.9692307692307693,,,24.0,1.8461538461538463,10.4,0.8,0,0,0,0.0,60.0,3.75,60.0,51.3,14,0.875,11,0.6875,4.285714285714286,4.663636363636363,0.875,26.0,26.0,23.0,25.0
dionsims/2540200,2015,,,12.700000000000001,1.0583333333333333,,,6.0,0.5,7.2,0.6,0,0,0,0.0,25.900000000000002,1.6187500000000001,25.900000000000002,6.300000000000001,13,0.8125,4,0.25,1.9923076923076926,1.5750000000000002,0.8125,35.0,37.0,33.0,43.0
dionsims/2540200,2014,,,28.400000000000002,2.028571428571429,,,12.0,0.8571428571428571,9.6,0.6857142857142857,0,0,0,0.0,50.0,3.125,50.0,6.0,14,0.875,2,0.125,3.5714285714285716,3.0,0.875,18.0,20.0,21.0,22.5
dionsims/2540200,2013,,,3.2,0.4571428571428572,,,6.0,0.8571428571428571,2.4,0.34285714285714286,0,0,0,0.0,11.6,0.725,11.6,1.9000000000000001,15,0.9375,5,0.3125,0.7733333333333333,0.38,0.9375,28.0,29.0,29.0,33.0
jonnusmith/2558207,2017,,,15.7,1.2076923076923076,,,12.0,0.9230769230769231,7.200000000000001,0.5538461538461539,0,0,0,0.0,34.9,2.18125,34.9,32.6,16,1.0,13,0.8125,2.18125,2.5076923076923077,1.0,42.0,45.0,47.0,44.0
leesmith/2495347,2017,,,7.6,1.2666666666666666,,,0.0,0.0,3.2,0.5333333333333333,0,0,0,0.0,10.799999999999999,0.6749999999999999,10.799999999999999,6.7,16,1.0,9,0.5625,0.6749999999999999,0.7444444444444445,1.0,71.0,78.0,81.0,71.0
leesmith/2495347,2016,,,2.9000000000000004,0.9666666666666668,,,0.0,0.0,2.4,0.7999999999999999,0,0,0,0.0,5.3,1.325,5.3,5.3,4,1.0,4,1.0,1.325,1.325,0.25,67.0,49.0,55.0,54.0
leesmith/2495347,2015,,,7.0,0.7,,,6.0,0.6,4.800000000000001,0.4800000000000001,0,0,0,0.0,17.8,1.1125,17.8,17.8,15,0.9375,15,0.9375,1.1866666666666668,1.1866666666666668,0.9375,43.0,47.0,46.0,48.0
leesmith/2495347,2014,,,4.2,0.7000000000000001,,,6.0,1.0,2.8000000000000003,0.46666666666666673,0,0,0,0.0,13.0,0.8125,13.0,13.0,14,0.875,10,0.625,0.9285714285714286,1.3,0.875,36.0,38.0,38.0,37.0
leesmith/2495347,2013,,,7.800000000000001,1.1142857142857143,,,0.0,0.0,2.0,0.2857142857142857,0,0,0,0.0,9.8,0.6125,9.8,9.8,16,1.0,14,0.875,0.6125,0.7000000000000001,1.0,29.0,30.0,30.0,29.0
leesmith/2495347,2012,,,1.3,0.325,,,12.0,3.0,1.6,0.4,0,0,0,0.0,14.900000000000002,0.9312500000000001,14.900000000000002,13.100000000000001,16,1.0,7,0.4375,0.9312500000000001,1.8714285714285717,1.0,18.0,18.0,18.0,16.0
leesmith/2495347,2011,,,1.1,0.55,,,0.0,0.0,1.6,0.8,0,0,0,0.0,2.7,0.19285714285714287,2.7,0.4,10,0.7142857142857143,3,0.21428571428571427,0.27,0.13333333333333333,0.625,21.0,21.0,20.0,19.0
shanesmith/2559254,2017,,,,,,,,,,,0,0,0,0.0,0.0,0.0,0.0,0.0,11,1.0,4,0.36363636363636365,0.0,0.0,0.6875,108.0,108.0,106.5,84.0
jeremysprinkle/2557886,2017,,,1.3000000000000003,0.4333333333333334,,,6.0,2.0,0.8,0.26666666666666666,0,0,0,0.0,8.100000000000001,0.5062500000000001,8.100000000000001,7.1000000000000005,11,0.6875,5,0.3125,0.7363636363636364,1.4200000000000002,0.6875,76.0,82.0,77.0,58.0
nealsterling/2553451,2017,,,8.200000000000001,1.6400000000000001,,,0.0,0.0,2.4,0.48,0,0,0,0.0,10.600000000000001,0.8153846153846155,10.600000000000001,0.0,11,0.8461538461538461,1,0.07692307692307693,0.9636363636363637,0.0,0.6875,72.0,73.0,72.0,84.0
nealsterling/2553451,2016,,,11.000000000000002,2.2,,,0.0,0.0,4.800000000000001,0.9600000000000002,0,0,0,0.0,15.8,0.9875,15.8,3.9000000000000004,10,0.625,1,0.0625,1.58,3.9000000000000004,0.625,53.0,57.0,47.0,28.0
nealsterling/2553451,2015,,,,,,,,,,,0,0,0,0.0,0.0,0.0,0.0,0.0,9,0.9,0,0.0,0.0,,0.5625,68.5,68.5,67.0,
lukestocker/2495234,2017,,,3.0,0.75,,,6.0,1.5,1.6,0.4,0,0,0,0.0,10.6,0.7066666666666667,10.6,9.7,12,0.8,6,0.4,0.8833333333333333,1.6166666666666665,0.75,73.0,76.0,74.0,55.0
lukestocker/2495234,2016,,,2.3000000000000003,0.38333333333333336,,,0.0,0.0,2.0,0.3333333333333333,0,0,0,0.0,4.300000000000001,0.26875000000000004,4.300000000000001,2.8000000000000003,12,0.75,10,0.625,0.3583333333333334,0.28,0.75,69.0,73.0,76.0,64.0
lukestocker/2495234,2015,,,6.1,0.7625,,,6.0,0.75,3.6,0.45,0,0,0,0.0,15.699999999999998,0.9812499999999998,15.699999999999998,15.699999999999998,14,0.875,13,0.8125,1.1214285714285712,1.2076923076923074,0.875,47.0,52.0,48.0,46.0
lukestocker/2495234,2014,,,4.1,0.82,,,0.0,0.0,2.8,0.5599999999999999,0,0,0,0.0,6.9,0.43125,6.9,4.699999999999999,13,0.8125,7,0.4375,0.5307692307692308,0.6714285714285714,0.8125,38.0,41.0,41.0,41.0
lukestocker/2495234,2013,,,,,,,,,,,0,0,0,0.0,0.0,0.0,0.0,0.0,2,0.6666666666666666,2,0.6666666666666666,0.0,0.0,0.125,39.5,39.5,39.5,36.5
lukestocker/2495234,2012,,,16.5,1.375,,,6.0,0.5,6.4,0.5333333333333333,0,0,0,0.0,28.900000000000002,1.8062500000000001,28.900000000000002,16.6,16,1.0,11,0.6875,1.8062500000000001,1.5090909090909093,1.0,16.0,16.0,16.0,18.0
lukestocker/2495234,2011,,,9.200000000000001,1.0222222222222224,,,0.0,0.0,4.8,0.5333333333333333,0,0,0,0.0,14.000000000000004,0.8750000000000002,14.000000000000004,11.3,14,0.875,9,0.5625,1.0000000000000002,1.2555555555555555,0.875,16.0,18.0,18.0,17.0
phillipsupernaw/2535535,2017,,,3.9000000000000004,0.78,,,6.0,1.2,1.6,0.32,0,0,0,0.0,11.5,0.71875,11.5,0.0,16,1.0,3,0.1875,0.71875,0.0,1.0,69.0,75.0,79.0,84.0
phillipsupernaw/2535535,2016,,,6.2,1.55,,,0.0,0.0,1.6,0.4,0,0,0,0.0,7.800000000000001,0.48750000000000004,7.800000000000001,3.4,15,0.9375,2,0.125,0.52,1.7,0.9375,63.0,66.0,68.0,47.0
phillipsupernaw/2535535,2015,,,3.2,1.6,,,0.0,0.0,1.2000000000000002,0.6000000000000001,0,0,0,0.0,4.4,0.275,4.4,0.0,16,1.0,1,0.0625,0.275,0.0,1.0,56.0,58.0,58.0,56.5
phillipsupernaw/2535535,2014,,,3.0000000000000004,1.0000000000000002,,,0.0,0.0,1.2000000000000002,0.4000000000000001,0,0,0,0.0,4.2,0.38181818181818183,4.2,0.7000000000000001,8,0.7272727272727273,1,0.09090909090909091,0.525,0.7000000000000001,0.5,44.0,44.0,42.0,40.0
phillipsupernaw/2535535,2013,,,,,,,,,,,0,0,0,0.0,0.0,0.0,0.0,0.0,1,1.0,0,0.0,0.0,,0.0625,39.5,39.5,39.5,
geoffswaim/2553454,2017,,,2.5,1.25,,,0.0,0.0,0.8,0.4,0,0,0,0.0,3.3000000000000003,0.20625000000000002,3.3000000000000003,0.0,15,0.9375,2,0.125,0.22000000000000003,0.0,0.9375,88.5,91.5,93.0,84.0
geoffswaim/2553454,2016,,,6.9,1.1500000000000001,,,0.0,0.0,2.4000000000000004,0.4000000000000001,0,0,0,0.0,9.3,1.0333333333333334,9.3,4.4,9,1.0,6,0.6666666666666666,1.0333333333333334,0.7333333333333334,0.5625,61.0,56.0,59.0,60.0
geoffswaim/2553454,2015,,,0.0,0.0,,,0.0,0.0,0.4,0.4,0,0,0,0.0,0.4,0.025,0.4,0.0,4,0.25,1,0.0625,0.1,0.0,0.25,64.0,64.0,63.0,56.5
erikswoope/2550405,2016,,,29.7,3.3,,,6.0,0.6666666666666666,6.000000000000001,0.6666666666666667,0,0,0,0.0,41.7,2.60625,41.7,9.7,16,1.0,4,0.25,2.60625,2.425,1.0,32.0,33.0,39.0,41.0
erikswoope/2550405,2015,,,,,,,,,,,0,0,0,0.0,0.0,0.0,0.0,0.0,1,1.0,0,0.0,0.0,,0.0625,68.5,68.5,67.0,
tyroneswoopes/2559263,2017,,,,,,,,,,,0,0,0,0.0,0.0,0.0,0.0,0.0,1,1.0,0,0.0,0.0,,0.0625,108.0,108.0,106.5,
loganthomas/2543767,2017,,,6.7,1.34,,,6.0,1.2,2.8,0.5599999999999999,0,0,0,0.0,15.5,0.96875,15.5,4.4,12,0.75,2,0.125,1.2916666666666667,2.2,0.75,63.0,69.0,66.0,47.0
loganthomas/2543767,2016,,,,,,,,,,,0,0,0,0.0,0.0,0.0,0.0,0.0,0,0.0,0,0.0,,,0.0,90.0,90.0,,
loganthomas/2543767,2015,,,,,,,,,,,0,0,0,0.0,0.0,0.0,0.0,0.0,0,0.0,0,0.0,,,0.0,68.5,68.5,,
loganthomas/2543767,2014,,,,,,,,,,,0,0,0,0.0,0.0,0.0,0.0,0.0,2,0.125,0,0.0,0.0,,0.125,50.0,50.0,49.5,
levinetoilolo/2540203,2017,,,12.2,1.525,,,6.0,0.75,4.8,0.6,0,0,0,0.0,23.000000000000004,1.4375000000000002,23.000000000000004,23.000000000000004,15,0.9375,12,0.75,1.5333333333333337,1.916666666666667,0.9375,56.0,58.0,60.0,51.0
levinetoilolo/2540203,2016,,,26.4,2.0307692307692307,,,12.0,0.9230769230769231,5.2,0.4,0,0,0,0.0,43.599999999999994,2.7249999999999996,43.599999999999994,26.599999999999998,16,1.0,11,0.6875,2.7249999999999996,2.418181818181818,1.0,31.0,32.0,38.0,42.0
levinetoilolo/2540203,2015,,,4.4,0.48888888888888893,,,0.0,0.0,2.8,0.3111111111111111,0,0,0,0.0,7.2,0.45,7.2,6.7,16,1.0,15,0.9375,0.45,0.44666666666666666,1.0,54.0,56.0,56.0,53.0
levinetoilolo/2540203,2014,,,23.799999999999994,1.5866666666666662,,,12.0,0.8,12.4,0.8266666666666667,0,0,0,0.0,48.2,3.0125,48.2,48.2,16,1.0,16,1.0,3.0125,3.0125,1.0,19.0,22.0,25.0,21.0
levinetoilolo/2540203,2013,,,5.500000000000001,0.6111111111111112,,,12.0,1.3333333333333333,4.4,0.48888888888888893,0,0,0,0.0,21.900000000000002,1.3687500000000001,21.900000000000002,6.6000000000000005,16,1.0,3,0.1875,1.3687500000000001,2.2,1.0,24.0,25.0,25.0,22.0
erictomlinson/2553744,2017,,,12.1,1.5125,,,6.0,0.75,3.2,0.4,0,0,0,0.0,21.3,1.33125,21.3,18.3,14,0.875,12,0.75,1.5214285714285716,1.5250000000000001,0.875,57.0,60.0,61.0,57.0
erictomlinson/2553744,2016,,,,,,,,,,,0,0,0,0.0,0.0,0.0,0.0,0.0,7,0.875,5,0.625,0.0,0.0,0.4375,90.0,90.0,89.0,71.5
rosstravis/2554630,2017,,,7.600000000000001,0.7600000000000001,,,0.0,0.0,2.8,0.27999999999999997,0,0,0,0.0,10.400000000000002,0.6500000000000001,10.400000000000002,0.7000000000000001,15,0.9375,3,0.1875,0.6933333333333335,0.23333333333333336,0.9375,74.0,79.0,80.0,76.0
rosstravis/2554630,2016,,,1.5,0.375,,,0.0,0.0,1.2000000000000002,0.30000000000000004,0,0,0,0.0,2.7,0.16875,2.7,2.7,6,0.375,3,0.1875,0.45,0.9,0.375,72.5,77.5,70.0,57.5
austintraylor/2556900,2017,,,10.0,2.5,,,0.0,0.0,3.1999999999999997,0.7999999999999999,0,0,0,0.0,13.200000000000001,1.885714285714286,13.200000000000001,5.2,7,1.0,3,0.42857142857142855,1.885714285714286,1.7333333333333334,0.4375,66.0,50.0,54.0,54.0
willtye/2553830,2017,,,3.8000000000000003,1.9000000000000001,,,0.0,0.0,1.6,0.8,0,0,0,0.0,5.4,1.35,5.4,0.8,3,0.75,1,0.25,1.8,0.8,0.1875,85.0,59.0,55.0,69.0
willtye/2553830,2016,,,39.5,2.46875,,,6.0,0.375,19.200000000000003,1.2000000000000002,0,0,0,0.0,64.7,4.04375,64.7,47.10000000000001,16,1.0,10,0.625,4.04375,4.710000000000001,1.0,24.0,24.0,26.0,23.0
willtye/2553830,2015,,,46.4,3.569230769230769,,,18.0,1.3846153846153846,16.8,1.2923076923076924,0,0,0,0.0,81.2,6.246153846153846,81.2,55.900000000000006,13,1.0,7,0.5384615384615384,6.246153846153846,7.985714285714287,0.8125,15.0,13.0,15.0,12.0
c.j.uzomah/2552559,2017,,,9.2,1.0222222222222221,,,6.0,0.6666666666666666,4.0,0.4444444444444444,0,0,0,0.0,19.200000000000003,1.2000000000000002,19.200000000000003,7.6,14,0.875,4,0.25,1.3714285714285717,1.9,0.875,60.0,65.0,63.0,53.0
c.j.uzomah/2552559,2016,,,23.400000000000002,2.9250000000000003,,,6.0,0.75,10.0,1.25,0,0,0,0.0,39.400000000000006,2.4625000000000004,39.400000000000006,35.5,10,0.625,8,0.5,3.9400000000000004,4.4375,0.625,33.0,34.0,28.0,26.0
c.j.uzomah/2552559,2015,,,0.4,0.4,,,0.0,0.0,0.4,0.4,0,0,0,0.0,0.8,0.05,0.8,0.0,5,0.3125,0,0.0,0.16,,0.3125,62.0,63.0,59.0,
hakeemvalles/2556453,2017,,,,,,,,,,,0,0,0,0.0,0.0,0.0,0.0,0.0,1,1.0,0,0.0,0.0,,0.0625,108.0,108.0,106.5,
hakeemvalles/2556453,2016,,,0.0,0.0,,,0.0,0.0,0.0,0.0,0,0,0,0.0,0.0,0.0,0.0,0.0,11,0.9166666666666666,1,0.08333333333333333,0.0,0.0,0.6875,90.0,90.0,89.0,71.5
jasonvanderlaan/2556700,2017,,,,,,,,,,,0,0,0,0.0,0.0,0.0,0.0,0.0,4,0.6666666666666666,0,0.0,0.0,,0.25,108.0,108.0,106.5,
nickvannett/2555289,2017,,,12.4,1.55,,,6.0,0.75,4.8,0.6,0,0,0,0.0,23.2,1.45,23.2,5.2,15,0.9375,4,0.25,1.5466666666666666,1.3,0.9375,55.0,57.0,59.0,61.0
nickvannett/2555289,2016,,,3.2,1.0666666666666667,,,0.0,0.0,1.2000000000000002,0.4000000000000001,0,0,0,0.0,4.4,0.275,4.4,3.3,9,0.5625,2,0.125,0.48888888888888893,1.65,0.5625,68.0,72.0,69.0,48.0
clivewalford/2552397,2017,,,8.0,1.3333333333333333,,,0.0,0.0,3.6000000000000005,0.6000000000000001,0,0,0,0.0,11.6,0.8285714285714285,11.6,0.0,13,0.9285714285714286,0,0.0,0.8923076923076922,,0.8125,68.0,72.0,73.0,
clivewalford/2552397,2016,,,35.900000000000006,2.3933333333333335,,,18.0,1.2,13.200000000000005,0.8800000000000003,0,0,0,0.0,67.10000000000001,4.1937500000000005,67.10000000000001,27.200000000000006,15,0.9375,8,0.5,4.473333333333334,3.400000000000001,0.9375,22.0,22.0,22.0,31.0
clivewalford/2552397,2015,,,32.9,2.1933333333333334,,,18.0,1.2,11.200000000000001,0.7466666666666667,0,0,0,0.0,62.099999999999994,3.8812499999999996,62.099999999999994,13.1,16,1.0,2,0.125,3.8812499999999996,6.55,1.0,19.0,21.0,23.0,17.0
delaniewalker/2495966,2017,-0.20000000000000004,-0.10000000000000002,80.70000000000002,5.043750000000001,6.0,3.0,18.0,1.125,29.6,1.85,0,0,0,0.0,134.1,8.38125,134.1,89.70000000000002,16,1.0,11,0.6875,8.38125,8.154545454545456,1.0,6.0,6.0,7.0,11.0
delaniewalker/2495966,2016,1.1,0.55,80.0,5.333333333333333,0.0,0.0,42.0,2.8,26.000000000000004,1.7333333333333336,0,0,2,0.125,151.10000000000002,9.443750000000001,151.10000000000002,70.20000000000002,15,0.9375,9,0.5625,10.073333333333334,7.800000000000002,0.9375,5.0,5.0,7.0,12.0
delaniewalker/2495966,2015,3.6,3.6,108.80000000000001,7.253333333333334,0.0,0.0,36.0,2.4,37.6,2.506666666666667,0,0,2,0.125,188.0,11.75,188.0,114.30000000000001,15,0.9375,10,0.625,12.533333333333333,11.430000000000001,0.9375,4.0,4.0,3.0,6.0
delaniewalker/2495966,2014,,,89.00000000000001,5.9333333333333345,,,24.0,1.6,25.200000000000006,1.6800000000000004,0,0,7,0.4375,145.2,9.075,145.2,133.9,15,0.9375,14,0.875,9.68,9.564285714285715,0.9375,4.0,4.0,4.0,7.0
delaniewalker/2495966,2013,,,57.1,3.8066666666666666,,,36.0,2.4,24.0,1.6,0,0,0,0.0,117.1,7.31875,117.1,93.8,15,0.9375,11,0.6875,7.806666666666667,8.527272727272727,0.9375,6.0,7.0,8.0,7.0
delaniewalker/2495966,2012,,,34.4,2.2933333333333334,,,18.0,1.2,8.400000000000002,0.5600000000000002,0,0,0,0.0,60.800000000000004,3.8000000000000003,60.800000000000004,19.7,16,1.0,4,0.25,3.8000000000000003,4.925,1.0,12.0,12.0,12.0,12.0
delaniewalker/2495966,2011,0.5,0.16666666666666666,19.8,1.6500000000000001,0.0,0.0,18.0,1.5,7.6000000000000005,0.6333333333333334,0,0,0,0.0,45.900000000000006,2.8687500000000004,45.900000000000006,22.1,15,0.9375,7,0.4375,3.0600000000000005,3.1571428571428575,0.9375,12.0,12.0,12.0,11.0
delaniewalker/2495966,2010,1.8,0.6,33.099999999999994,2.5461538461538455,0.0,0.0,0.0,0.0,11.6,0.8923076923076922,0,0,0,0.0,46.50000000000001,2.9062500000000004,46.50000000000001,34.300000000000004,14,0.875,8,0.5,3.321428571428572,4.2875000000000005,0.875,9.0,9.0,10.0,11.0
delaniewalker/2495966,2009,3.4000000000000004,1.1333333333333335,23.300000000000004,1.941666666666667,0.0,0.0,0.0,0.0,8.400000000000002,0.7000000000000002,0,0,0,0.0,35.1,2.19375,35.1,26.200000000000003,16,1.0,8,0.5,2.19375,3.2750000000000004,1.0,6.0,6.0,6.0,5.0
delaniewalker/2495966,2008,-1.3,-0.65,15.500000000000002,1.9375000000000002,0.0,0.0,6.0,0.75,3.9999999999999996,0.49999999999999994,0,0,0,0.0,24.2,1.5125,24.2,0.20000000000000018,15,0.9375,2,0.125,1.6133333333333333,0.10000000000000009,0.9375,5.0,5.0,5.0,5.0
delaniewalker/2495966,2007,,,17.400000000000002,1.3384615384615386,,,6.0,0.46153846153846156,8.4,0.6461538461538462,0,0,0,0.0,31.800000000000004,1.9875000000000003,31.800000000000004,19.6,16,1.0,10,0.625,1.9875000000000003,1.9600000000000002,1.0,5.0,5.0,5.0,5.0
delaniewalker/2495966,2006,,,3.0,1.5,,,0.0,0.0,0.8,0.4,0,0,0,0.0,3.8,0.2375,3.8,0.0,7,0.4375,1,0.0625,0.5428571428571428,0.0,0.4375,4.0,4.0,4.0,4.0
benjaminwatson/2506122,2017,,,52.2,3.2625,,,24.0,1.5,24.400000000000006,1.5250000000000004,0,0,0,0.0,100.60000000000001,6.2875000000000005,100.60000000000001,63.4,16,1.0,12,0.75,6.2875000000000005,5.283333333333333,1.0,12.0,14.0,16.0,25.0
benjaminwatson/2506122,2015,,,82.50000000000001,5.156250000000001,,,36.0,2.25,29.6,1.85,0,0,4,0.25,152.10000000000002,9.506250000000001,152.10000000000002,152.10000000000002,16,1.0,16,1.0,9.506250000000001,9.506250000000001,1.0,6.0,6.0,7.0,7.0
benjaminwatson/2506122,2014,,,13.600000000000001,0.9714285714285715,,,12.0,0.8571428571428571,8.000000000000002,0.5714285714285715,0,0,0,0.0,33.6,2.1,33.6,15.999999999999998,16,1.0,8,0.5,2.1,1.9999999999999998,1.0,28.0,29.0,29.0,30.0
benjaminwatson/2506122,2013,,,22.6,1.6142857142857143,,,12.0,0.8571428571428571,7.600000000000001,0.5428571428571429,0,0,0,0.0,42.199999999999996,2.6374999999999997,42.199999999999996,16.200000000000003,15,0.9375,7,0.4375,2.813333333333333,2.3142857142857145,0.9375,19.0,20.0,19.0,21.0
benjaminwatson/2506122,2012,,,50.1,3.13125,,,18.0,1.125,19.600000000000005,1.2250000000000003,0,0,0,0.0,87.70000000000002,5.481250000000001,87.70000000000002,80.10000000000001,16,1.0,14,0.875,5.481250000000001,5.721428571428572,1.0,11.0,11.0,11.0,10.0
benjaminwatson/2506122,2011,,,41.0,3.1538461538461537,,,12.0,0.9230769230769231,14.8,1.1384615384615384,0,0,0,0.0,67.80000000000001,5.215384615384616,67.80000000000001,54.800000000000004,13,1.0,11,0.8461538461538461,5.215384615384616,4.981818181818182,0.8125,8.0,8.0,8.0,8.0
benjaminwatson/2506122,2010,-0.1,-0.1,76.3,4.76875,0.0,0.0,18.0,1.125,27.200000000000003,1.7000000000000002,0,0,2,0.125,123.4,7.7125,123.4,123.4,16,1.0,16,1.0,7.7125,7.7125,1.0,4.0,4.0,4.0,5.0
benjaminwatson/2506122,2009,,,40.400000000000006,3.366666666666667,,,30.0,2.5,11.600000000000005,0.9666666666666671,0,0,0,0.0,82.00000000000001,5.125000000000001,82.00000000000001,57.699999999999996,16,1.0,7,0.4375,5.125000000000001,8.242857142857142,1.0,3.0,3.0,3.0,2.0
benjaminwatson/2506122,2008,,,20.9,1.6076923076923075,,,12.0,0.9230769230769231,8.8,0.676923076923077,0,0,0,0.0,41.7,2.60625,41.7,32.400000000000006,14,0.875,9,0.5625,2.9785714285714286,3.6000000000000005,0.875,4.0,4.0,4.0,4.0
benjaminwatson/2506122,2007,1.1,1.1,38.9,3.2416666666666667,0.0,0.0,36.0,3.0,14.399999999999999,1.2,0,0,2,0.125,92.40000000000003,5.775000000000002,92.40000000000003,48.0,12,0.75,8,0.5,7.700000000000003,6.0,0.75,2.0,2.0,1.0,3.0
benjaminwatson/2506122,2006,,,64.30000000000001,4.946153846153847,,,18.0,1.3846153846153846,19.599999999999998,1.5076923076923074,0,0,0,0.0,101.89999999999999,6.3687499999999995,101.89999999999999,101.89999999999999,13,0.8125,13,0.8125,7.838461538461538,7.838461538461538,0.8125,1.0,1.0,1.0,1.0
benjaminwatson/2506122,2005,,,44.1,3.15,,,24.0,1.7142857142857142,11.600000000000001,0.8285714285714286,0,0,0,0.0,79.70000000000002,4.981250000000001,79.70000000000002,46.2,15,0.9375,9,0.5625,5.313333333333334,5.133333333333334,0.9375,1.0,1.0,1.0,1.0
benjaminwatson/2506122,2004,,,1.6,1.6,,,0.0,0.0,0.8,0.8,0,0,0,0.0,2.4000000000000004,1.2000000000000002,2.4000000000000004,2.4000000000000004,1,0.5,1,0.5,2.4000000000000004,2.4000000000000004,0.0625,1.0,1.0,1.0,1.0
colewick/2556708,2016,,,1.8,0.6,,,0.0,0.0,0.8,0.26666666666666666,0,0,0,0.0,2.6,0.325,2.6,0.0,6,0.75,0,0.0,0.43333333333333335,,0.375,74.0,71.0,73.0,
maxxwilliams/2552468,2017,0.6000000000000001,0.30000000000000004,8.600000000000001,0.9555555555555557,0.0,0.0,6.0,0.6666666666666666,6.000000000000001,0.6666666666666667,0,0,0,0.0,21.200000000000003,1.3250000000000002,21.200000000000003,11.200000000000003,11,0.6875,8,0.5,1.9272727272727275,1.4000000000000004,0.6875,58.0,61.0,52.0,59.0
maxxwilliams/2552468,2016,,,,,,,,,,,0,0,0,0.0,0.0,0.0,0.0,0.0,4,1.0,0,0.0,0.0,,0.25,90.0,90.0,89.0,
maxxwilliams/2552468,2015,,,26.800000000000004,2.436363636363637,,,6.0,0.5454545454545454,12.800000000000002,1.1636363636363638,0,0,0,0.0,45.6,2.85,45.6,29.0,14,0.875,7,0.4375,3.257142857142857,4.142857142857143,0.875,24.0,26.0,25.0,25.0
lukewillson/2541199,2017,,,15.3,1.176923076923077,,,24.0,1.8461538461538463,6.000000000000001,0.4615384615384616,0,0,0,0.0,45.300000000000004,2.8312500000000003,45.300000000000004,19.700000000000003,16,1.0,7,0.4375,2.8312500000000003,2.8142857142857145,1.0,32.0,39.0,41.0,42.0
lukewillson/2541199,2016,,,12.9,1.29,,,12.0,1.2,6.0,0.6,0,0,0,0.0,30.900000000000002,1.9312500000000001,30.900000000000002,17.5,11,0.6875,6,0.375,2.809090909090909,2.9166666666666665,0.6875,36.0,38.0,37.0,36.0
lukewillson/2541199,2015,,,21.3,1.6384615384615384,,,6.0,0.46153846153846156,6.800000000000001,0.5230769230769231,0,0,0,0.0,34.10000000000001,2.1312500000000005,34.10000000000001,12.399999999999999,14,0.875,7,0.4375,2.4357142857142864,1.7714285714285711,0.875,28.0,28.0,28.0,42.0
lukewillson/2541199,2014,,,36.2,3.016666666666667,,,18.0,1.5,8.8,0.7333333333333334,0,0,2,0.125,65.0,4.0625,65.0,51.2,15,0.9375,10,0.625,4.333333333333333,5.12,0.9375,15.0,17.0,19.0,14.0
lukewillson/2541199,2013,,,27.2,2.2666666666666666,,,6.0,0.5,8.0,0.6666666666666666,0,0,0,0.0,41.20000000000001,2.5750000000000006,41.20000000000001,9.200000000000001,16,1.0,7,0.4375,2.5750000000000006,1.3142857142857145,1.0,20.0,21.0,21.0,26.0
timothywright/2541768,2015,,,7.7,1.2833333333333334,,,12.0,2.0,3.6,0.6,0,0,0,0.0,23.3,1.45625,23.3,8.9,9,0.5625,1,0.0625,2.588888888888889,8.9,0.5625,39.0,42.0,27.0,10.0
timothywright/2541768,2014,-0.2,-0.2,25.9,2.158333333333333,0.0,0.0,36.0,3.0,10.400000000000002,0.8666666666666668,0,0,0,0.0,72.1,4.50625,72.1,17.6,16,1.0,2,0.125,4.50625,8.8,1.0,12.0,14.0,17.0,8.0
timothywright/2541768,2013,0.2,0.2,57.10000000000001,4.078571428571429,0.0,0.0,30.0,2.142857142857143,21.600000000000005,1.5428571428571431,0,0,0,0.0,108.9,6.80625,108.9,68.0,16,1.0,8,0.5,6.80625,8.5,1.0,7.0,8.0,11.0,8.0
